id,ncesId,name,state,county,city,address,zip,lat,lng,sector,charter,magnet,christian,religiousOrientation,gradeSpan,virtual,grade,gradeStatus,gradeYear,sourceYear,sourceUrl,website,reportUrl,affiliationSourceUrl,affiliationSourceYear,addressSourceUrl,locationSourceUrl,resourcesCheckedAt,resourceSourceUrl,campusNote,programName,programSourceUrl,programSourceYear
"public-nces-120051000811","120051000811","A. K. Suter Elementary School","FL","Escambia","Pensacola","501 PICKENS AVE","32503","30.425716","-87.182746","public","false","","","","KG-05","false","A","A","2025-26","2024-25","https://nces.ed.gov/ccd/schoolsearch/school_detail.asp?ID=120051000811","http://www.escambiaschools.org/","/schools/a-k-suter-elementary-school","","","https://nces.ed.gov/ccd/schoolsearch/school_detail.asp?ID=120051000811","","","","","","",""
"public-nces-120051004345","120051004345","Achieve Academy At Mcmillian","FL","Escambia","Pensacola","3000 OWEN BELL LN","32507","30.36087","-87.341823","public","false","","","","KG-12","false","","","","2024-25","https://nces.ed.gov/ccd/schoolsearch/school_detail.asp?ID=120051004345","http://www.escambiaschools.org/","/schools/achieve-academy-at-mcmillian","","","https://nces.ed.gov/ccd/schoolsearch/school_detail.asp?ID=120051004345","","","","","","",""
"public-nces-120138001353","120138001353","Addie R. Lewis School","FL","Okaloosa","Valparaiso","281 MISSISSIPPI AVE","32580","30.492866","-86.492939","public","false","","","","PK-08","false","A","A","2025-26","2024-25","https://nces.ed.gov/ccd/schoolsearch/school_detail.asp?ID=120138001353","","/schools/addie-r-lewis-school","","","https://nces.ed.gov/ccd/schoolsearch/school_detail.asp?ID=120138001353","","","","","","",""
"public-nces-120138003881","120138003881","Adjudicated Youth Facility","FL","Okaloosa","Crestview","4448 STRAIGHT LINE RD","32539","30.69897","-86.522251","public","false","","","","06-12","false","","","","2024-25","https://nces.ed.gov/ccd/schoolsearch/school_detail.asp?ID=120138003881","","/schools/adjudicated-youth-facility","","","https://nces.ed.gov/ccd/schoolsearch/school_detail.asp?ID=120138003881","","","","","","",""
"private-private-A2100804","A2100804","Advanced Sacred Hope Academy","FL","Okaloosa","Mary Esther","144 US HIGHWAY 98","32569","30.410294","-86.662766","private","false","","false","Nonsectarian","KG-9","","","","","2023-24","https://nces.ed.gov/surveys/pss/privateschoolsearch/school_detail.asp?Search=1&ID=A2100804","https://advancedsacredhopeacademy.org/","/schools/advanced-sacred-hope-academy","https://nces.ed.gov/surveys/pss/privateschoolsearch/school_detail.asp?Search=1&ID=A2100804","2023-24","https://nces.ed.gov/surveys/pss/privateschoolsearch/school_detail.asp?Search=1&ID=A2100804","https://nces.ed.gov/opengis/rest/services/K12_School_Locations/EDGE_GEOCODE_PRIVATESCH_2324/MapServer/0/query?where=%28STATE%3D%27FL%27+AND+CNTY+IN+%28%27033%27%2C%27113%27%2C%27091%27%29%29+OR+%28STATE%3D%27AL%27+AND+CNTY%3D%27003%27%29&outFields=*&returnGeometry=false&orderByFields=PPIN&f=json","2026-09-06","https://advancedsacredhopeacademy.org/","The official contact page lists 124 E Miracle Strip Parkway, Suite 503, Mary Esther as a mailing address. It does not verify that this is a replacement physical campus for the directory's 144 US Highway 98 location. Confirm the campus directly.","","",""
"private-private-A9300270","A9300270","Aletheia Christian Academy","FL","Escambia","Pensacola","1700 WOODCHUCK AVE","32504","30.49934","-87.168191","private","false","","true","Christian (no specific denomination)","PK-12","","","","","2023-24","https://nces.ed.gov/surveys/pss/privateschoolsearch/school_detail.asp?Search=1&ID=A9300270","https://www.acalions.org/","/schools/aletheia-christian-academy","https://nces.ed.gov/surveys/pss/privateschoolsearch/school_detail.asp?Search=1&ID=A9300270","2023-24","https://nces.ed.gov/surveys/pss/privateschoolsearch/school_detail.asp?Search=1&ID=A9300270","https://nces.ed.gov/opengis/rest/services/K12_School_Locations/EDGE_GEOCODE_PRIVATESCH_2324/MapServer/0/query?where=%28STATE%3D%27FL%27+AND+CNTY+IN+%28%27033%27%2C%27113%27%2C%27091%27%29%29+OR+%28STATE%3D%27AL%27+AND+CNTY%3D%27003%27%29&outFields=*&returnGeometry=false&orderByFields=PPIN&f=json","2026-09-06","https://www.acalions.org/admissions/how-to-apply","","","",""
"public-nces-120138001320","120138001320","Annette P. Edwins Elementary School","FL","Okaloosa","Fort Walton Beach","7 WRIGHT PKWY SW","32548","30.412147","-86.638443","public","false","","","","PK-05","false","B","B","2025-26","2024-25","https://nces.ed.gov/ccd/schoolsearch/school_detail.asp?ID=120138001320","","/schools/annette-p-edwins-elementary-school","","","https://nces.ed.gov/ccd/schoolsearch/school_detail.asp?ID=120138001320","","","","","","",""
"public-nces-120138003209","120138003209","Antioch Elementary School","FL","Okaloosa","Crestview","4700 WHITEHURST LN","32536","30.713778","-86.610858","public","false","","","","PK-05","false","A","A","2025-26","2024-25","https://nces.ed.gov/ccd/schoolsearch/school_detail.asp?ID=120138003209","","/schools/antioch-elementary-school","","","https://nces.ed.gov/ccd/schoolsearch/school_detail.asp?ID=120138003209","","","","","","",""
"public-nces-120165003664","120165003664","Avalon Middle School","FL","Santa Rosa","Milton","5445 KING ARTHURS WAY","32583","30.570757","-87.097146","public","false","","","","06-08","false","B","B","2025-26","2024-25","https://nces.ed.gov/ccd/schoolsearch/school_detail.asp?ID=120165003664","http://www.santarosa.k12.fl.us/schools/ams/","/schools/avalon-middle-school","","","https://nces.ed.gov/ccd/schoolsearch/school_detail.asp?ID=120165003664","","","","","","",""
"public-nces-120165001815","120165001815","Bagdad Elementary School","FL","Santa Rosa","Milton","4512 FORSYTH ST","32583","30.598405","-87.029736","public","false","","","","PK-05","false","C","C","2025-26","2024-25","https://nces.ed.gov/ccd/schoolsearch/school_detail.asp?ID=120165001815","http://www.santarosa.k12.fl.us/schools/bes/","/schools/bagdad-elementary-school","","","https://nces.ed.gov/ccd/schoolsearch/school_detail.asp?ID=120165001815","","","","","","",""
"public-nces-120138001321","120138001321","Baker School","FL","Okaloosa","Baker","1369 14TH ST","32531","30.793534","-86.678703","public","false","","","","PK-12","false","B","B","2025-26","2024-25","https://nces.ed.gov/ccd/schoolsearch/school_detail.asp?ID=120138001321","","/schools/baker-school","","","https://nces.ed.gov/ccd/schoolsearch/school_detail.asp?ID=120138001321","","","","","","",""
"public-nces-010027001810","010027001810","Baldwin County High School","AL","Baldwin","Bay Minette","One Tiger Dr","36507","30.893684","-87.794427","public","false","","","","09-12","false","B","B","2024-25","2024-25","https://nces.ed.gov/ccd/schoolsearch/school_detail.asp?ID=010027001810","http://www.baldwincountyhighschool.com/","/schools/baldwin-county-high-school","","","https://nces.ed.gov/ccd/schoolsearch/school_detail.asp?ID=010027001810","","","","","","",""
"public-nces-010027002443","010027002443","Baldwin County Virtual School","AL","Baldwin","Daphne","605 Hwy 98","36526","","","public","false","","","","07-12","true","B","B","2024-25","2024-25","https://nces.ed.gov/ccd/schoolsearch/school_detail.asp?ID=010027002443","http://baldwinvirtual.com/","/schools/baldwin-county-virtual-school","","","","","","","","","",""
"public-nces-010027002701","010027002701","Baldwin Preparatory Academy","AL","Baldwin","Loxley","33243 State Highway 59","36551","30.708212","-87.782008","public","false","","","","10-11","false","","AW","2024-25","2024-25","https://nces.ed.gov/ccd/schoolsearch/school_detail.asp?ID=010027002701","http://www.baldwinprep.com/","/schools/baldwin-preparatory-academy","","","https://nces.ed.gov/ccd/schoolsearch/school_detail.asp?ID=010027002701","","","","","","",""
"public-nces-010027001708","010027001708","Bay Minette Elementary School","AL","Baldwin","Bay Minette","800 Blackburn Ave","36507","30.891383","-87.773545","public","false","","","","PK-06","false","C","C","2024-25","2024-25","https://nces.ed.gov/ccd/schoolsearch/school_detail.asp?ID=010027001708","http://www.bayminetteelementary.com/","/schools/bay-minette-elementary-school","","","https://nces.ed.gov/ccd/schoolsearch/school_detail.asp?ID=010027001708","","","","","","",""
"public-nces-010027001859","010027001859","Bay Minette Middle School","AL","Baldwin","Bay Minette","1311 W 13th Street","36507","30.887444","-87.795089","public","false","","","","07-08","false","B","B","2024-25","2024-25","https://nces.ed.gov/ccd/schoolsearch/school_detail.asp?ID=010027001859","http://www.bayminettemiddle.com/","/schools/bay-minette-middle-school","","","https://nces.ed.gov/ccd/schoolsearch/school_detail.asp?ID=010027001859","","","","","","",""
"private-private-A1900005","A1900005","Bayshore Christian School","AL","Baldwin","Fairhope","316 PRESBYTERIAN","36532","30.560348","-87.892666","private","false","","true","Presbyterian","KG-12","","","","","2023-24","https://nces.ed.gov/surveys/pss/privateschoolsearch/school_detail.asp?Search=1&ID=A1900005","https://bayshorechristian.org/","/schools/bayshore-christian-school","https://nces.ed.gov/surveys/pss/privateschoolsearch/school_detail.asp?Search=1&ID=A1900005","2023-24","https://nces.ed.gov/surveys/pss/privateschoolsearch/school_detail.asp?Search=1&ID=A1900005","https://nces.ed.gov/opengis/rest/services/K12_School_Locations/EDGE_GEOCODE_PRIVATESCH_2324/MapServer/0/query?where=%28STATE%3D%27FL%27+AND+CNTY+IN+%28%27033%27%2C%27113%27%2C%27091%27%29%29+OR+%28STATE%3D%27AL%27+AND+CNTY%3D%27003%27%29&outFields=*&returnGeometry=false&orderByFields=PPIN&f=json","2026-09-06","https://bayshorechristian.org/contact/","The Fairhope address is the grammar school campus. Logic & Rhetoric has a separate campus at 8740 Convocation Lane, Daphne, AL 36526. Confirm the campus for the student's program.","","",""
"private-private-A0500005","A0500005","Bayside Academy","AL","Baldwin","Daphne","303 DRYER AVE","36526","30.60226","-87.911151","private","false","","false","Nonsectarian","PK-12","","","","","2023-24","https://nces.ed.gov/surveys/pss/privateschoolsearch/school_detail.asp?Search=1&ID=A0500005","https://www.baysideacademy.org/","/schools/bayside-academy","https://nces.ed.gov/surveys/pss/privateschoolsearch/school_detail.asp?Search=1&ID=A0500005","2023-24","https://nces.ed.gov/surveys/pss/privateschoolsearch/school_detail.asp?Search=1&ID=A0500005","https://nces.ed.gov/opengis/rest/services/K12_School_Locations/EDGE_GEOCODE_PRIVATESCH_2324/MapServer/0/query?where=%28STATE%3D%27FL%27+AND+CNTY+IN+%28%27033%27%2C%27113%27%2C%27091%27%29%29+OR+%28STATE%3D%27AL%27+AND+CNTY%3D%27003%27%29&outFields=*&returnGeometry=false&orderByFields=PPIN&f=json","2026-09-06","https://www.baysideacademy.org/about/contact-us","","","",""
"private-private-A1100508","A1100508","Bb C Christian Academy","FL","Escambia","Pensacola","1520 W AVERY ST","32501","30.43126","-87.237031","private","false","","true","Baptist","KG-5","","","","","2023-24","https://nces.ed.gov/surveys/pss/privateschoolsearch/school_detail.asp?Search=1&ID=A1100508","","/schools/bb-c-christian-academy","https://nces.ed.gov/surveys/pss/privateschoolsearch/school_detail.asp?Search=1&ID=A1100508","2023-24","https://nces.ed.gov/surveys/pss/privateschoolsearch/school_detail.asp?Search=1&ID=A1100508","https://nces.ed.gov/opengis/rest/services/K12_School_Locations/EDGE_GEOCODE_PRIVATESCH_2324/MapServer/0/query?where=%28STATE%3D%27FL%27+AND+CNTY+IN+%28%27033%27%2C%27113%27%2C%27091%27%29%29+OR+%28STATE%3D%27AL%27+AND+CNTY%3D%27003%27%29&outFields=*&returnGeometry=false&orderByFields=PPIN&f=json","2026-09-06","https://search.sunbiz.org/Inquiry/CorporationSearch/SearchResults?Detail=FL.DOS.Corporations.Shared.Contracts.FilingRecord&InquiryDirectionType=PreviousRecord&InquiryType=EntityName&ListNameOrder=BBCCENTERPRISES+P960000912280&SearchNameOrder=BBCCINVESTMENTS+L190002532110","","","",""
"public-nces-010027002492","010027002492","Belforest Elementary School","AL","Baldwin","Daphne","11364 County Road 64","36526","30.60316","-87.829107","public","false","","","","KG-06","false","A","A","2024-25","2024-25","https://nces.ed.gov/ccd/schoolsearch/school_detail.asp?ID=010027002492","http://www.bcbe.org/belforest","/schools/belforest-elementary-school","","","https://nces.ed.gov/ccd/schoolsearch/school_detail.asp?ID=010027002492","","","","","","",""
"public-nces-120051000776","120051000776","Bellview Elementary School","FL","Escambia","Pensacola","4425 BELLVIEW AVE","32526","30.467366","-87.306403","public","false","","","","PK-05","false","A","A","2025-26","2024-25","https://nces.ed.gov/ccd/schoolsearch/school_detail.asp?ID=120051000776","http://www.escambiaschools.org/","/schools/bellview-elementary-school","","","https://nces.ed.gov/ccd/schoolsearch/school_detail.asp?ID=120051000776","","","","","","",""
"public-nces-120051000777","120051000777","Bellview Middle School","FL","Escambia","Pensacola","6201 MOBILE HWY","32526","30.464662","-87.305008","public","false","","","","06-08","false","C","C","2025-26","2024-25","https://nces.ed.gov/ccd/schoolsearch/school_detail.asp?ID=120051000777","http://www.escambiaschools.org/","/schools/bellview-middle-school","","","https://nces.ed.gov/ccd/schoolsearch/school_detail.asp?ID=120051000777","","","","","","",""
"public-nces-120165005376","120165005376","Bennett C Russell Elementary School","FL","Santa Rosa","Milton","3740 EXCALIBUR WAY","32583","30.571762","-87.094989","public","false","","","","PK-05","false","C","C","2025-26","2024-25","https://nces.ed.gov/ccd/schoolsearch/school_detail.asp?ID=120165005376","http://www.santarosa.k12.fl.us/schools/bre/","/schools/bennett-c-russell-elementary-school","","","https://nces.ed.gov/ccd/schoolsearch/school_detail.asp?ID=120165005376","","","","","","",""
"public-nces-120165001814","120165001814","Berryhill Elementary School","FL","Santa Rosa","Milton","4900 BERRYHILL RD","32570","30.647492","-87.116901","public","false","","","","PK-05","false","B","B","2025-26","2024-25","https://nces.ed.gov/ccd/schoolsearch/school_detail.asp?ID=120165001814","http://www.santarosa.k12.fl.us/schools/bhe/","/schools/berryhill-elementary-school","","","https://nces.ed.gov/ccd/schoolsearch/school_detail.asp?ID=120165001814","","","","","","",""
"public-nces-120051003366","120051003366","Beulah Academy Of Science","FL","Escambia","Pensacola","8633 BEULAH RD","32526","30.531147","-87.381472","public","true","","","","06-08","false","A","A","2025-26","2024-25","https://nces.ed.gov/ccd/schoolsearch/school_detail.asp?ID=120051003366","http://www.escambiaschools.org/","/schools/beulah-academy-of-science","","","https://nces.ed.gov/ccd/schoolsearch/school_detail.asp?ID=120051003366","","","","","","",""
"public-nces-120051002164","120051002164","Beulah Elementary School","FL","Escambia","Pensacola","6201 HELMS RD","32526","30.5051","-87.357479","public","false","","","","PK-05","false","B","B","2025-26","2024-25","https://nces.ed.gov/ccd/schoolsearch/school_detail.asp?ID=120051002164","http://www.escambiaschools.org/","/schools/beulah-elementary-school","","","https://nces.ed.gov/ccd/schoolsearch/school_detail.asp?ID=120051002164","","","","","","",""
"public-nces-120051008511","120051008511","Beulah Middle School","FL","Escambia","Pensacola","6001 W NINE MILE RD","32526","30.534856","-87.385893","public","false","","","","06-08","false","A","A","2025-26","2024-25","https://nces.ed.gov/ccd/schoolsearch/school_detail.asp?ID=120051008511","http://www.escambiaschools.org/","/schools/beulah-middle-school","","","https://nces.ed.gov/ccd/schoolsearch/school_detail.asp?ID=120051008511","","","","","","",""
"private-private-A0101775","A0101775","Blessed Star Montessori Christian School","FL","Escambia","Pensacola","9151 N DAVIS HWY","32514","30.52783","-87.210261","private","false","","true","Christian (no specific denomination)","1-10","","","","","2023-24","https://nces.ed.gov/surveys/pss/privateschoolsearch/school_detail.asp?Search=1&ID=A0101775","https://blessedstar.com/","/schools/blessed-star-montessori-christian-school","https://nces.ed.gov/surveys/pss/privateschoolsearch/school_detail.asp?Search=1&ID=A0101775","2023-24","https://nces.ed.gov/surveys/pss/privateschoolsearch/school_detail.asp?Search=1&ID=A0101775","https://nces.ed.gov/opengis/rest/services/K12_School_Locations/EDGE_GEOCODE_PRIVATESCH_2324/MapServer/0/query?where=%28STATE%3D%27FL%27+AND+CNTY+IN+%28%27033%27%2C%27113%27%2C%27091%27%29%29+OR+%28STATE%3D%27AL%27+AND+CNTY%3D%27003%27%29&outFields=*&returnGeometry=false&orderByFields=PPIN&f=json","2026-09-06","https://blessedstar.com/","","","",""
"public-nces-120051004346","120051004346","Blue Angels Elementary School","FL","Escambia","Pensacola","1551 DOG TRACK RD","32506","30.386376","-87.358109","public","false","","","","PK-05","false","A","A","2025-26","2024-25","https://nces.ed.gov/ccd/schoolsearch/school_detail.asp?ID=120051004346","http://www.escambiaschools.org/","/schools/blue-angels-elementary-school","","","https://nces.ed.gov/ccd/schoolsearch/school_detail.asp?ID=120051004346","","","","","","",""
"public-nces-120138002774","120138002774","Bluewater Elementary School","FL","Okaloosa","Niceville","4545 RANGE RD","32578","30.490524","-86.418516","public","false","","","","PK-05","false","A","A","2025-26","2024-25","https://nces.ed.gov/ccd/schoolsearch/school_detail.asp?ID=120138002774","","/schools/bluewater-elementary-school","","","https://nces.ed.gov/ccd/schoolsearch/school_detail.asp?ID=120138002774","","","","","","",""
"public-nces-120138001322","120138001322","Bob Sikes Elementary School","FL","Okaloosa","Crestview","425 ADAMS DR","32536","30.781228","-86.577092","public","false","","","","PK-05","false","B","B","2025-26","2024-25","https://nces.ed.gov/ccd/schoolsearch/school_detail.asp?ID=120138001322","","/schools/bob-sikes-elementary-school","","","https://nces.ed.gov/ccd/schoolsearch/school_detail.asp?ID=120138001322","","","","","","",""
"public-nces-120051000780","120051000780","Bratt Elementary School","FL","Escambia","Century","5721 HIGHWAY 99","32535","30.963523","-87.429137","public","false","","","","PK-05","false","B","B","2025-26","2024-25","https://nces.ed.gov/ccd/schoolsearch/school_detail.asp?ID=120051000780","http://www.escambiaschools.org/","/schools/bratt-elementary-school","","","https://nces.ed.gov/ccd/schoolsearch/school_detail.asp?ID=120051000780","","","","","","",""
"public-nces-120051000781","120051000781","Brentwood Elementary School","FL","Escambia","Pensacola","4820 N PALAFOX ST","32505","30.462613","-87.239668","public","false","","","","PK-05","false","C","C","2025-26","2024-25","https://nces.ed.gov/ccd/schoolsearch/school_detail.asp?ID=120051000781","http://www.escambiaschools.org/","/schools/brentwood-elementary-school","","","https://nces.ed.gov/ccd/schoolsearch/school_detail.asp?ID=120051000781","","","","","","",""
"public-nces-120051000824","120051000824","Brown Barge Middle School","FL","Escambia","Pensacola","201 HANCOCK LN","32503","30.483552","-87.240806","public","false","true","","","06-08","false","A","A","2025-26","2024-25","https://nces.ed.gov/ccd/schoolsearch/school_detail.asp?ID=120051000824","http://www.escambiaschools.org/","/schools/brown-barge-middle-school","","","https://nces.ed.gov/ccd/schoolsearch/school_detail.asp?ID=120051000824","","","","","","https://web09.fldoe.org/MagnetSchools/",""
"public-nces-120051003847","120051003847","Byrneville Elementary School, Inc.","FL","Escambia","Century","1600 BYRNEVILLE RD","32535","30.964085","-87.326586","public","true","","","","KG-05","false","C","C","2025-26","2024-25","https://nces.ed.gov/ccd/schoolsearch/school_detail.asp?ID=120051003847","http://www.escambiaschools.org/","/schools/byrneville-elementary-school","","","https://nces.ed.gov/ccd/schoolsearch/school_detail.asp?ID=120051003847","","","","","","",""
"public-nces-120051002819","120051002819","C. A. Weis Elementary School","FL","Escambia","Pensacola","2701 N Q ST","32505","30.440792","-87.24343","public","false","","","","PK-05","false","C","C","2025-26","2024-25","https://nces.ed.gov/ccd/schoolsearch/school_detail.asp?ID=120051002819","http://www.escambiaschools.org/","/schools/c-a-weis-elementary-school","","","https://nces.ed.gov/ccd/schoolsearch/school_detail.asp?ID=120051002819","","","","","","",""
"public-nces-120138001327","120138001327","C. W. Ruckel Middle School","FL","Okaloosa","Niceville","201 PARTIN DR N","32578","30.522081","-86.475867","public","false","","","","06-08","false","A","A","2025-26","2024-25","https://nces.ed.gov/ccd/schoolsearch/school_detail.asp?ID=120138001327","","/schools/c-w-ruckel-middle-school","","","https://nces.ed.gov/ccd/schoolsearch/school_detail.asp?ID=120138001327","","","","","","",""
"public-nces-120051004173","120051004173","Capstone Academy","FL","Escambia","Pensacola","4901 W FAIRFIELD DR","32506","30.431455","-87.284233","public","true","","","","PK-PK","false","","","","2024-25","https://nces.ed.gov/ccd/schoolsearch/school_detail.asp?ID=120051004173","http://www.escambiaschools.org/","/schools/capstone-academy","","","https://nces.ed.gov/ccd/schoolsearch/school_detail.asp?ID=120051004173","","","","","","",""
"private-private-A1901040","A1901040","Carden Christian Academy","FL","Escambia","Pensacola","3290 BAUER RD","32506","30.36032","-87.401551","private","false","","true","Christian (no specific denomination)","PK-12","","","","","2023-24","https://nces.ed.gov/surveys/pss/privateschoolsearch/school_detail.asp?Search=1&ID=A1901040","https://cardenchristianacademy.com/","/schools/carden-christian-academy","https://nces.ed.gov/surveys/pss/privateschoolsearch/school_detail.asp?Search=1&ID=A1901040","2023-24","https://nces.ed.gov/surveys/pss/privateschoolsearch/school_detail.asp?Search=1&ID=A1901040","https://nces.ed.gov/opengis/rest/services/K12_School_Locations/EDGE_GEOCODE_PRIVATESCH_2324/MapServer/0/query?where=%28STATE%3D%27FL%27+AND+CNTY+IN+%28%27033%27%2C%27113%27%2C%27091%27%29%29+OR+%28STATE%3D%27AL%27+AND+CNTY%3D%27003%27%29&outFields=*&returnGeometry=false&orderByFields=PPIN&f=json","2026-09-06","https://cardenchristianacademy.com/","","","",""
"public-nces-010027000162","010027000162","Central Baldwin Middle School","AL","Baldwin","Robertsdale","24545 State Highway 59","36576","30.582716","-87.727747","public","false","","","","07-08","false","B","B","2024-25","2024-25","https://nces.ed.gov/ccd/schoolsearch/school_detail.asp?ID=010027000162","http://www.centralbaldwinmiddle.com/","/schools/central-baldwin-middle-school","","","https://nces.ed.gov/ccd/schoolsearch/school_detail.asp?ID=010027000162","","","","","","",""
"private-private-00001682","00001682","Central Christian School","AL","Baldwin","Robertsdale","17395 STATE HIGHWAY 104","36567","30.546135","-87.727016","private","false","","true","Christian (no specific denomination)","PK-12","","","","","2023-24","https://nces.ed.gov/surveys/pss/privateschoolsearch/school_detail.asp?Search=1&ID=00001682","https://ccssaints.com/","/schools/central-christian-school","https://nces.ed.gov/surveys/pss/privateschoolsearch/school_detail.asp?Search=1&ID=00001682","2023-24","https://nces.ed.gov/surveys/pss/privateschoolsearch/school_detail.asp?Search=1&ID=00001682","https://nces.ed.gov/opengis/rest/services/K12_School_Locations/EDGE_GEOCODE_PRIVATESCH_2324/MapServer/0/query?where=%28STATE%3D%27FL%27+AND+CNTY+IN+%28%27033%27%2C%27113%27%2C%27091%27%29%29+OR+%28STATE%3D%27AL%27+AND+CNTY%3D%27003%27%29&outFields=*&returnGeometry=false&orderByFields=PPIN&f=json","2026-09-06","https://ccssaints.com/online-application/","","","",""
"public-nces-120165001813","120165001813","Central School","FL","Santa Rosa","Milton","6180 CENTRAL SCHOOL RD","32570","30.763805","-87.075393","public","false","","","","PK-12","false","C","C","2025-26","2024-25","https://nces.ed.gov/ccd/schoolsearch/school_detail.asp?ID=120165001813","http://www.santarosa.k12.fl.us/chs/","/schools/central-school","","","https://nces.ed.gov/ccd/schoolsearch/school_detail.asp?ID=120165001813","","","","","","",""
"public-nces-010027002180","010027002180","Cf Taylor Alternative School","AL","Baldwin","Robertsdale","19150 Wilters Street","36567","30.552507","-87.698735","public","false","","","","M-M","false","","","2024-25","2024-25","https://nces.ed.gov/ccd/schoolsearch/school_detail.asp?ID=010027002180","http://www.nonesupplied.com/","/schools/cf-taylor-alternative-school","","","https://nces.ed.gov/ccd/schoolsearch/school_detail.asp?ID=010027002180","","","","","","",""
"public-nces-120138001347","120138001347","Choctawhatchee Senior High School","FL","Okaloosa","Fort Walton Beach","110 RACETRACK RD NW","32547","30.450236","-86.618667","public","false","","","","09-12","false","C","C","2025-26","2024-25","https://nces.ed.gov/ccd/schoolsearch/school_detail.asp?ID=120138001347","","/schools/choctawhatchee-senior-high-school","","","https://nces.ed.gov/ccd/schoolsearch/school_detail.asp?ID=120138001347","","","","","","",""
"private-private-A1901072","A1901072","Christian Institute Of Arts And Sciences","FL","Escambia","Pensacola","2007 N 61ST AVE","32506","30.43696","-87.296361","private","false","","true","Christian (no specific denomination)","KG-12","","","","","2023-24","https://nces.ed.gov/surveys/pss/privateschoolsearch/school_detail.asp?Search=1&ID=A1901072","https://www.christianinstitute.com/","/schools/christian-institute-of-arts-and-sciences","https://nces.ed.gov/surveys/pss/privateschoolsearch/school_detail.asp?Search=1&ID=A1901072","2023-24","https://nces.ed.gov/surveys/pss/privateschoolsearch/school_detail.asp?Search=1&ID=A1901072","https://nces.ed.gov/opengis/rest/services/K12_School_Locations/EDGE_GEOCODE_PRIVATESCH_2324/MapServer/0/query?where=%28STATE%3D%27FL%27+AND+CNTY+IN+%28%27033%27%2C%27113%27%2C%27091%27%29%29+OR+%28STATE%3D%27AL%27+AND+CNTY%3D%27003%27%29&outFields=*&returnGeometry=false&orderByFields=PPIN&f=json","2026-09-06","https://www.christianinstitute.com/","","","",""
"public-nces-120165001816","120165001816","Chumuckla Elementary School","FL","Santa Rosa","Jay","2312 HIGHWAY 182","32565","30.7798","-87.222892","public","false","","","","PK-06","false","B","B","2025-26","2024-25","https://nces.ed.gov/ccd/schoolsearch/school_detail.asp?ID=120165001816","http://www.santarosa.k12.fl.us/schools/ces/","/schools/chumuckla-elementary-school","","","https://nces.ed.gov/ccd/schoolsearch/school_detail.asp?ID=120165001816","","","","","","",""
"private-private-A9901206","A9901206","Cinco Christain School","FL","Okaloosa","Fort Walton Beach","26 YACHT CLUB DR NE","32548","30.42393","-86.611061","private","false","","true","Baptist","PK-5","","","","","2023-24","https://nces.ed.gov/surveys/pss/privateschoolsearch/school_detail.asp?Search=1&ID=A9901206","https://cincoschool.org/","/schools/cinco-christain-school","https://nces.ed.gov/surveys/pss/privateschoolsearch/school_detail.asp?Search=1&ID=A9901206","2023-24","https://nces.ed.gov/surveys/pss/privateschoolsearch/school_detail.asp?Search=1&ID=A9901206","https://nces.ed.gov/opengis/rest/services/K12_School_Locations/EDGE_GEOCODE_PRIVATESCH_2324/MapServer/0/query?where=%28STATE%3D%27FL%27+AND+CNTY+IN+%28%27033%27%2C%27113%27%2C%27091%27%29%29+OR+%28STATE%3D%27AL%27+AND+CNTY%3D%27003%27%29&outFields=*&returnGeometry=false&orderByFields=PPIN&f=json","2026-09-06","https://cincoschool.org/apply-now/","","","",""
"public-nces-120138001324","120138001324","Clifford Meigs Middle School","FL","Okaloosa","Shalimar","150 RICHBOURG AVE","32579","30.447384","-86.582291","public","false","","","","06-08","false","A","A","2025-26","2024-25","https://nces.ed.gov/ccd/schoolsearch/school_detail.asp?ID=120138001324","","/schools/clifford-meigs-middle-school","","","https://nces.ed.gov/ccd/schoolsearch/school_detail.asp?ID=120138001324","","","","","","",""
"public-nces-120165008959","120165008959","Coastal Connections Academy","FL","Escambia","Pensacola","186 N PALAFOX ST","32502","","","public","true","","","","KG-05","true","","","","2024-25","https://nces.ed.gov/ccd/schoolsearch/school_detail.asp?ID=120165008959","http://connectionsacademy.com/","/schools/coastal-connections-academy","","","","","","","","","",""
"private-private-A2170037","A2170037","Coastline Christian Academy","FL","Santa Rosa","Gulf Breeze","1122 ORIOLE BEACH RD","32563","30.378141","-87.094121","private","false","","true","Christian (no specific denomination)","PK-5","","","","","2023-24","https://nces.ed.gov/surveys/pss/privateschoolsearch/school_detail.asp?Search=1&ID=A2170037","https://www.coastlinechristian.com/","/schools/coastline-christian-academy","https://nces.ed.gov/surveys/pss/privateschoolsearch/school_detail.asp?Search=1&ID=A2170037","2023-24","https://nces.ed.gov/surveys/pss/privateschoolsearch/school_detail.asp?Search=1&ID=A2170037","https://nces.ed.gov/opengis/rest/services/K12_School_Locations/EDGE_GEOCODE_PRIVATESCH_2324/MapServer/0/query?where=%28STATE%3D%27FL%27+AND+CNTY+IN+%28%27033%27%2C%27113%27%2C%27091%27%29%29+OR+%28STATE%3D%27AL%27+AND+CNTY%3D%27003%27%29&outFields=*&returnGeometry=false&orderByFields=PPIN&f=json","2026-09-06","https://www.coastlinechristian.com/donate-index-impact","","","",""
"public-nces-120138004392","120138004392","Collegiate High School At Northwest Florida State College","FL","Okaloosa","Niceville","100 COLLEGE BLVD E","32578","30.538426","-86.475504","public","true","","","","09-12","false","A","A","2025-26","2024-25","https://nces.ed.gov/ccd/schoolsearch/school_detail.asp?ID=120138004392","","/schools/collegiate-high-school-at-northwest-florida-state-college","","","https://nces.ed.gov/ccd/schoolsearch/school_detail.asp?ID=120138004392","","","","","","",""
"public-nces-120051000790","120051000790","Cordova Park Elementary School","FL","Escambia","Pensacola","2250 SEMUR RD","32503","30.46252","-87.193218","public","false","","","","KG-06","false","B","B","2025-26","2024-25","https://nces.ed.gov/ccd/schoolsearch/school_detail.asp?ID=120051000790","http://www.escambiaschools.org/","/schools/cordova-park-elementary-school","","","https://nces.ed.gov/ccd/schoolsearch/school_detail.asp?ID=120051000790","","","","","","",""
"public-nces-120051002602","120051002602","County Administrative Annex","FL","Escambia","Pensacola","40 E TEXAR DR","32503","30.447045","-87.222532","public","false","","","","09-12","false","","","","2024-25","https://nces.ed.gov/ccd/schoolsearch/school_detail.asp?ID=120051002602","http://www.escambiaschools.org/","/schools/county-administrative-annex","","","https://nces.ed.gov/ccd/schoolsearch/school_detail.asp?ID=120051002602","","","","","","",""
"private-private-00261903","00261903","Creative Learning Academy","FL","Escambia","Pensacola","3151 HYDE PARK RD","32503","30.43888","-87.177301","private","false","","false","Nonsectarian","PK-8","","","","","2023-24","https://nces.ed.gov/surveys/pss/privateschoolsearch/school_detail.asp?Search=1&ID=00261903","https://www.creativelearningacademy.org/","/schools/creative-learning-academy","https://nces.ed.gov/surveys/pss/privateschoolsearch/school_detail.asp?Search=1&ID=00261903","2023-24","https://nces.ed.gov/surveys/pss/privateschoolsearch/school_detail.asp?Search=1&ID=00261903","https://nces.ed.gov/opengis/rest/services/K12_School_Locations/EDGE_GEOCODE_PRIVATESCH_2324/MapServer/0/query?where=%28STATE%3D%27FL%27+AND+CNTY+IN+%28%27033%27%2C%27113%27%2C%27091%27%29%29+OR+%28STATE%3D%27AL%27+AND+CNTY%3D%27003%27%29&outFields=*&returnGeometry=false&orderByFields=PPIN&f=json","2026-09-06","https://www.creativelearningacademy.org/admissions","","","",""
"public-nces-120138001348","120138001348","Crestview High School","FL","Okaloosa","Crestview","1250 N FERDON BLVD","32536","30.789489","-86.560232","public","false","","","","09-12","false","B","B","2025-26","2024-25","https://nces.ed.gov/ccd/schoolsearch/school_detail.asp?ID=120138001348","","/schools/crestview-high-school","","","https://nces.ed.gov/ccd/schoolsearch/school_detail.asp?ID=120138001348","","","","","","",""
"public-nces-010027002072","010027002072","Daphne East Elementary School","AL","Baldwin","Daphne","26651 County Road 13","36526","30.614176","-87.870065","public","false","","","","PK-06","false","A","A","2024-25","2024-25","https://nces.ed.gov/ccd/schoolsearch/school_detail.asp?ID=010027002072","http://www.daphneeast.org/","/schools/daphne-east-elementary-school","","","https://nces.ed.gov/ccd/schoolsearch/school_detail.asp?ID=010027002072","","","","","","",""
"public-nces-010027001709","010027001709","Daphne Elementary School","AL","Baldwin","Daphne","2307 Main St","36526","30.612386","-87.9042","public","false","","","","PK-03","false","A","A","2024-25","2024-25","https://nces.ed.gov/ccd/schoolsearch/school_detail.asp?ID=010027001709","http://daphneelementary.com/","/schools/daphne-elementary-school","","","https://nces.ed.gov/ccd/schoolsearch/school_detail.asp?ID=010027001709","","","","","","",""
"public-nces-010027001759","010027001759","Daphne High School","AL","Baldwin","Daphne","9300 Champions Way","36526","30.6388","-87.8641","public","false","","","","09-12","false","B","B","2024-25","2024-25","https://nces.ed.gov/ccd/schoolsearch/school_detail.asp?ID=010027001759","http://www.daphnehs.com/","/schools/daphne-high-school","","","https://nces.ed.gov/ccd/schoolsearch/school_detail.asp?ID=010027001759","","","","","","",""
"public-nces-010027000013","010027000013","Daphne Middle School","AL","Baldwin","Daphne","One Jody Davis Cir","36526","30.6173","-87.8701","public","false","","","","07-08","false","B","B","2024-25","2024-25","https://nces.ed.gov/ccd/schoolsearch/school_detail.asp?ID=010027000013","http://www.daphnemiddleschool.com/","/schools/daphne-middle-school","","","https://nces.ed.gov/ccd/schoolsearch/school_detail.asp?ID=010027000013","","","","","","",""
"public-nces-120138003210","120138003210","Davidson Middle School","FL","Okaloosa","Crestview","6261 OLD BETHEL RD","32536","30.793814","-86.562314","public","false","","","","06-08","false","A","A","2025-26","2024-25","https://nces.ed.gov/ccd/schoolsearch/school_detail.asp?ID=120138003210","","/schools/davidson-middle-school","","","https://nces.ed.gov/ccd/schoolsearch/school_detail.asp?ID=120138003210","","","","","","",""
"public-nces-010027001783","010027001783","Delta Elementary School","AL","Baldwin","Bay Minette","10251 White House Fork Rd","36507","30.790101","-87.848734","public","false","","","","PK-06","false","B","B","2024-25","2024-25","https://nces.ed.gov/ccd/schoolsearch/school_detail.asp?ID=010027001783","http://www.delataelementary.com/","/schools/delta-elementary-school","","","https://nces.ed.gov/ccd/schoolsearch/school_detail.asp?ID=010027001783","","","","","","",""
"public-nces-120138001328","120138001328","Destin Elementary School","FL","Okaloosa","Destin","630 KELLY ST","32541","30.401557","-86.491976","public","false","","","","PK-04","false","A","A","2025-26","2024-25","https://nces.ed.gov/ccd/schoolsearch/school_detail.asp?ID=120138001328","","/schools/destin-elementary-school","","","https://nces.ed.gov/ccd/schoolsearch/school_detail.asp?ID=120138001328","","","","","","",""
"public-nces-120138008938","120138008938","Destin High School","FL","Okaloosa","Destin","4325 COMMONS DR","32541","30.391003","-86.444161","public","true","","","","09-12","false","B","B","2025-26","2024-25","https://nces.ed.gov/ccd/schoolsearch/school_detail.asp?ID=120138008938","http://destinhighschool.org/","/schools/destin-high-school","","","https://nces.ed.gov/ccd/schoolsearch/school_detail.asp?ID=120138008938","","","","","","",""
"public-nces-120138003211","120138003211","Destin Middle School","FL","Okaloosa","Destin","4608 LEGENDARY MARINA DR","32541","30.399182","-86.425186","public","false","","","","05-08","false","A","A","2025-26","2024-25","https://nces.ed.gov/ccd/schoolsearch/school_detail.asp?ID=120138003211","","/schools/destin-middle-school","","","https://nces.ed.gov/ccd/schoolsearch/school_detail.asp?ID=120138003211","","","","","","",""
"private-private-A1500865","A1500865","Dixon School For Arts And Sciences","FL","Escambia","Pensacola","1201 N H ST","32501","30.424627","-87.233697","private","false","","false","Nonsectarian","KG-8","","","","","2023-24","https://nces.ed.gov/surveys/pss/privateschoolsearch/school_detail.asp?Search=1&ID=A1500865","https://dixonschoolota.org/","/schools/dixon-school-for-arts-and-sciences","https://nces.ed.gov/surveys/pss/privateschoolsearch/school_detail.asp?Search=1&ID=A1500865","2023-24","https://nces.ed.gov/surveys/pss/privateschoolsearch/school_detail.asp?Search=1&ID=A1500865","https://nces.ed.gov/opengis/rest/services/K12_School_Locations/EDGE_GEOCODE_PRIVATESCH_2324/MapServer/0/query?where=%28STATE%3D%27FL%27+AND+CNTY+IN+%28%27033%27%2C%27113%27%2C%27091%27%29%29+OR+%28STATE%3D%27AL%27+AND+CNTY%3D%27003%27%29&outFields=*&returnGeometry=false&orderByFields=PPIN&f=json","2026-09-06","https://dixonschoolota.org/enrollment-requirements/","","","",""
"private-private-A1901242","A1901242","Dixon School Of Arts And Sciences","FL","Escambia","Pensacola","1201 N H ST","32501","30.424627","-87.233697","private","false","","false","Nonsectarian","KG-8","","","","","2023-24","https://nces.ed.gov/surveys/pss/privateschoolsearch/school_detail.asp?Search=1&ID=A1901242","https://dixonschoolota.org/","/schools/dixon-school-for-arts-and-sciences","https://nces.ed.gov/surveys/pss/privateschoolsearch/school_detail.asp?Search=1&ID=A1901242","2023-24","https://nces.ed.gov/surveys/pss/privateschoolsearch/school_detail.asp?Search=1&ID=A1901242","https://nces.ed.gov/opengis/rest/services/K12_School_Locations/EDGE_GEOCODE_PRIVATESCH_2324/MapServer/0/query?where=%28STATE%3D%27FL%27+AND+CNTY+IN+%28%27033%27%2C%27113%27%2C%27091%27%29%29+OR+%28STATE%3D%27AL%27+AND+CNTY%3D%27003%27%29&outFields=*&returnGeometry=false&orderByFields=PPIN&f=json","2026-09-06","https://dixonschoolota.org/enrollment-requirements/","","","",""
"private-private-A1700853","A1700853","Dt Preparatory Academy","FL","Escambia","Pensacola","1780 W DETROIT BLVD","32534","30.520791","-87.295761","private","false","","true","Christian (no specific denomination)","KG-9","","","","","2023-24","https://nces.ed.gov/surveys/pss/privateschoolsearch/school_detail.asp?Search=1&ID=A1700853","https://www.dtprepacademy.org/","/schools/dt-preparatory-academy","https://nces.ed.gov/surveys/pss/privateschoolsearch/school_detail.asp?Search=1&ID=A1700853","2023-24","https://nces.ed.gov/surveys/pss/privateschoolsearch/school_detail.asp?Search=1&ID=A1700853","https://nces.ed.gov/opengis/rest/services/K12_School_Locations/EDGE_GEOCODE_PRIVATESCH_2324/MapServer/0/query?where=%28STATE%3D%27FL%27+AND+CNTY+IN+%28%27033%27%2C%27113%27%2C%27091%27%29%29+OR+%28STATE%3D%27AL%27+AND+CNTY%3D%27003%27%29&outFields=*&returnGeometry=false&orderByFields=PPIN&f=json","2026-09-06","https://www.dtprepacademy.org/","","","",""
"public-nces-120165008721","120165008721","East Bay K-8 School","FL","Santa Rosa","Gulf Breeze","2535 ELKHART DR","32566","30.428943","-86.952529","public","false","","","","PK-08","false","A","A","2025-26","2024-25","https://nces.ed.gov/ccd/schoolsearch/school_detail.asp?ID=120165008721","","/schools/east-bay-k-8-school","","","https://nces.ed.gov/ccd/schoolsearch/school_detail.asp?ID=120165008721","","","","","","",""
"private-private-A0301091","A0301091","East Hill Academy","FL","Escambia","Pensacola","635 W GARDEN ST","32502","30.41104","-87.224191","private","false","","false","Nonsectarian","KG-12","","","","","2023-24","https://nces.ed.gov/surveys/pss/privateschoolsearch/school_detail.asp?Search=1&ID=A0301091","https://easthillacademy.org/","/schools/east-hill-academy","https://nces.ed.gov/surveys/pss/privateschoolsearch/school_detail.asp?Search=1&ID=A0301091","2023-24","https://nces.ed.gov/surveys/pss/privateschoolsearch/school_detail.asp?Search=1&ID=A0301091","https://nces.ed.gov/opengis/rest/services/K12_School_Locations/EDGE_GEOCODE_PRIVATESCH_2324/MapServer/0/query?where=%28STATE%3D%27FL%27+AND+CNTY+IN+%28%27033%27%2C%27113%27%2C%27091%27%29%29+OR+%28STATE%3D%27AL%27+AND+CNTY%3D%27003%27%29&outFields=*&returnGeometry=false&orderByFields=PPIN&f=json","2026-09-06","https://easthillacademy.org/","","","",""
"private-private-A0700499","A0700499","East Hill Christian School","FL","Escambia","Pensacola","1301 E GONZALEZ ST","32501","30.42649","-87.201031","private","false","","true","Christian (no specific denomination)","PK-12","","","","","2023-24","https://nces.ed.gov/surveys/pss/privateschoolsearch/school_detail.asp?Search=1&ID=A0700499","https://www.ehcs.org/","/schools/east-hill-christian-school","https://nces.ed.gov/surveys/pss/privateschoolsearch/school_detail.asp?Search=1&ID=A0700499","2023-24","https://nces.ed.gov/surveys/pss/privateschoolsearch/school_detail.asp?Search=1&ID=A0700499","https://nces.ed.gov/opengis/rest/services/K12_School_Locations/EDGE_GEOCODE_PRIVATESCH_2324/MapServer/0/query?where=%28STATE%3D%27FL%27+AND+CNTY+IN+%28%27033%27%2C%27113%27%2C%27091%27%29%29+OR+%28STATE%3D%27AL%27+AND+CNTY%3D%27003%27%29&outFields=*&returnGeometry=false&orderByFields=PPIN&f=json","2026-09-06","https://www.ehcs.org/","","","",""
"public-nces-120165001817","120165001817","East Milton Elementary School","FL","Santa Rosa","Milton","5156 WARD BASIN RD","32583","30.622202","-87.020209","public","false","","","","PK-05","false","C","C","2025-26","2024-25","https://nces.ed.gov/ccd/schoolsearch/school_detail.asp?ID=120165001817","http://www.santarosa.k12.fl.us/schools/eme/","/schools/east-milton-elementary-school","","","https://nces.ed.gov/ccd/schoolsearch/school_detail.asp?ID=120165001817","","","","","","",""
"public-nces-120138001330","120138001330","Eglin Elementary School","FL","Okaloosa","Eglin AFB","200 GAFFNEY RD","32542","30.467514","-86.54534","public","false","","","","PK-04","false","A","A","2025-26","2024-25","https://nces.ed.gov/ccd/schoolsearch/school_detail.asp?ID=120138001330","","/schools/eglin-elementary-school","","","https://nces.ed.gov/ccd/schoolsearch/school_detail.asp?ID=120138001330","","","","","","",""
"public-nces-010027000625","010027000625","Elberta Elementary School","AL","Baldwin","Elberta","25820 Highway 98","36530","30.412994","-87.584406","public","false","","","","PK-06","false","A","A","2024-25","2024-25","https://nces.ed.gov/ccd/schoolsearch/school_detail.asp?ID=010027000625","http://www.elbertaelementary.com/","/schools/elberta-elementary-school","","","https://nces.ed.gov/ccd/schoolsearch/school_detail.asp?ID=010027000625","","","","","","",""
"public-nces-010027000057","010027000057","Elberta High School","AL","Baldwin","Elberta","13355main Street","36530","30.419952","-87.60025","public","false","","","","09-12","false","B","B","2024-25","2024-25","https://nces.ed.gov/ccd/schoolsearch/school_detail.asp?ID=010027000057","http://www.elbertahigh.com/","/schools/elberta-high-school","","","https://nces.ed.gov/ccd/schoolsearch/school_detail.asp?ID=010027000057","","","","","","",""
"public-nces-010027002490","010027002490","Elberta Middle School","AL","Baldwin","Elberta","13355A Main Street","36530","30.419952","-87.60025","public","false","","","","07-08","false","A","A","2024-25","2024-25","https://nces.ed.gov/ccd/schoolsearch/school_detail.asp?ID=010027002490","http://www.elbertamiddle.com/","/schools/elberta-middle-school","","","https://nces.ed.gov/ccd/schoolsearch/school_detail.asp?ID=010027002490","","","","","","",""
"public-nces-120138001343","120138001343","Elliott Point Elementary School","FL","Okaloosa","Fort Walton Beach","301 HUGHES ST NE","32548","30.420564","-86.597819","public","false","","","","PK-05","false","B","B","2025-26","2024-25","https://nces.ed.gov/ccd/schoolsearch/school_detail.asp?ID=120138001343","","/schools/elliott-point-elementary-school","","","https://nces.ed.gov/ccd/schoolsearch/school_detail.asp?ID=120138001343","","","","","","",""
"public-nces-010027000058","010027000058","Elsanor School","AL","Baldwin","Robertsdale","23440 US Highway 90","36567","30.56688","-87.624564","public","false","","","","PK-06","false","B","B","2024-25","2024-25","https://nces.ed.gov/ccd/schoolsearch/school_detail.asp?ID=010027000058","http://elsanorschool.com/","/schools/elsanor-school","","","https://nces.ed.gov/ccd/schoolsearch/school_detail.asp?ID=010027000058","","","","","","",""
"private-private-BB200580","BB200580","Emerald Coast Autism Center","FL","Okaloosa","Niceville","80 COLLEGE BLVD E","32578","30.536954","-86.480566","private","false","","false","Nonsectarian","1-4","","","","","2023-24","https://nces.ed.gov/surveys/pss/privateschoolsearch/school_detail.asp?Search=1&ID=BB200580","https://ecautismcenter.org/","/schools/emerald-coast-autism-center","https://nces.ed.gov/surveys/pss/privateschoolsearch/school_detail.asp?Search=1&ID=BB200580","2023-24","https://nces.ed.gov/surveys/pss/privateschoolsearch/school_detail.asp?Search=1&ID=BB200580","https://nces.ed.gov/opengis/rest/services/K12_School_Locations/EDGE_GEOCODE_PRIVATESCH_2324/MapServer/0/query?where=%28STATE%3D%27FL%27+AND+CNTY+IN+%28%27033%27%2C%27113%27%2C%27091%27%29%29+OR+%28STATE%3D%27AL%27+AND+CNTY%3D%27003%27%29&outFields=*&returnGeometry=false&orderByFields=PPIN&f=json","2026-09-06","https://ecautismcenter.org/about/faq","","","",""
"public-nces-120138005628","120138005628","Emerald Coast Career Institute N","FL","Okaloosa","Crestview","500 ALABAMA ST","32536","30.770483","-86.569415","public","false","","","","04-12","false","","","","2024-25","https://nces.ed.gov/ccd/schoolsearch/school_detail.asp?ID=120138005628","","/schools/emerald-coast-career-institute-n","","","https://nces.ed.gov/ccd/schoolsearch/school_detail.asp?ID=120138005628","","","","","","",""
"public-nces-120051000793","120051000793","Ensley Elementary School","FL","Escambia","Pensacola","501 E JOHNSON AVE","32514","30.516957","-87.250229","public","false","","","","PK-05","false","C","C","2025-26","2024-25","https://nces.ed.gov/ccd/schoolsearch/school_detail.asp?ID=120051000793","http://www.escambiaschools.org/","/schools/ensley-elementary-school","","","https://nces.ed.gov/ccd/schoolsearch/school_detail.asp?ID=120051000793","","","","","","",""
"private-private-01927645","01927645","Episcopal Day School Of Christ Church Parish","FL","Escambia","Pensacola","223 N PALAFOX ST","32502","30.41631","-87.216761","private","false","","true","Episcopal","PK-8","","","","","2023-24","https://nces.ed.gov/surveys/pss/privateschoolsearch/school_detail.asp?Search=1&ID=01927645","https://www.edscc.org/","/schools/episcopal-day-school-of-christ-church-parish","https://nces.ed.gov/surveys/pss/privateschoolsearch/school_detail.asp?Search=1&ID=01927645","2023-24","https://nces.ed.gov/surveys/pss/privateschoolsearch/school_detail.asp?Search=1&ID=01927645","https://nces.ed.gov/opengis/rest/services/K12_School_Locations/EDGE_GEOCODE_PRIVATESCH_2324/MapServer/0/query?where=%28STATE%3D%27FL%27+AND+CNTY+IN+%28%27033%27%2C%27113%27%2C%27091%27%29%29+OR+%28STATE%3D%27AL%27+AND+CNTY%3D%27003%27%29&outFields=*&returnGeometry=false&orderByFields=PPIN&f=json","2026-09-06","https://www.edscc.org/","","","",""
"public-nces-120051000813","120051000813","Ernest Ward Middle School","FL","Escambia","Walnut Hill","7650 HIGHWAY 97","32568","30.897945","-87.475852","public","false","","","","06-08","false","A","A","2025-26","2024-25","https://nces.ed.gov/ccd/schoolsearch/school_detail.asp?ID=120051000813","http://www.escambiaschools.org/","/schools/ernest-ward-middle-school","","","https://nces.ed.gov/ccd/schoolsearch/school_detail.asp?ID=120051000813","","","","","","",""
"private-private-00260728","00260728","Escambia Christian School","FL","Escambia","Pensacola","3311 W MORENO ST","32505","30.428549","-87.254819","private","false","","true","Church of Christ","PK-8","","","","","2023-24","https://nces.ed.gov/surveys/pss/privateschoolsearch/school_detail.asp?Search=1&ID=00260728","https://www.escambiachristian.org/","/schools/escambia-christian-school","https://nces.ed.gov/surveys/pss/privateschoolsearch/school_detail.asp?Search=1&ID=00260728","2023-24","https://nces.ed.gov/surveys/pss/privateschoolsearch/school_detail.asp?Search=1&ID=00260728","https://nces.ed.gov/opengis/rest/services/K12_School_Locations/EDGE_GEOCODE_PRIVATESCH_2324/MapServer/0/query?where=%28STATE%3D%27FL%27+AND+CNTY+IN+%28%27033%27%2C%27113%27%2C%27091%27%29%29+OR+%28STATE%3D%27AL%27+AND+CNTY%3D%27003%27%29&outFields=*&returnGeometry=false&orderByFields=PPIN&f=json","2026-09-06","https://www.escambiachristian.org/about1-c1z94","","","",""
"public-nces-120051009008","120051009008","Escambia County Acceleration Academy","FL","Escambia","Pensacola","6601 N DAVIS HWY, STE 10","32504","30.492424","-87.22455","public","false","","","","08-12","false","","","","2024-25","https://nces.ed.gov/ccd/schoolsearch/school_detail.asp?ID=120051009008","http://www.escambiaschools.org/","/schools/escambia-county-acceleration-academy","","","https://nces.ed.gov/ccd/schoolsearch/school_detail.asp?ID=120051009008","","","","","","",""
"public-nces-120051000794","120051000794","Escambia High School","FL","Escambia","Pensacola","1310 N 65TH AVE","32506","30.427269","-87.299098","public","false","","","","09-12","false","C","C","2025-26","2024-25","https://nces.ed.gov/ccd/schoolsearch/school_detail.asp?ID=120051000794","http://www.escambiaschools.org/","/schools/escambia-high-school","","","https://nces.ed.gov/ccd/schoolsearch/school_detail.asp?ID=120051000794","","","","","","",""
"public-nces-120051002304","120051002304","Escambia Juvenile Detention","FL","Escambia","Pensacola","1800 SAINT MARY AVE","32501","30.44241","-87.236749","public","false","","","","03-12","false","","","","2024-25","https://nces.ed.gov/ccd/schoolsearch/school_detail.asp?ID=120051002304","http://www.escambiaschools.org/","/schools/escambia-juvenile-detention","","","https://nces.ed.gov/ccd/schoolsearch/school_detail.asp?ID=120051002304","","","","","","",""
"public-nces-120051003704","120051003704","Escambia Sch. Dist. Jail Prog.","FL","Escambia","Pensacola","30 E TEXAR DR","32503","30.447045","-87.222532","public","false","","","","06-12","false","","","","2024-25","https://nces.ed.gov/ccd/schoolsearch/school_detail.asp?ID=120051003704","http://www.escambiaschools.org/","/schools/escambia-sch-dist-jail-prog","","","https://nces.ed.gov/ccd/schoolsearch/school_detail.asp?ID=120051003704","","","","","","",""
"public-nces-120051007672","120051007672","Escambia Virtual Academy Franchise","FL","Escambia","Pensacola","30 E TEXAR DR","32503","","","public","false","","","","KG-12","true","B","B","2025-26","2024-25","https://nces.ed.gov/ccd/schoolsearch/school_detail.asp?ID=120051007672","http://www.escambiaschools.org/","/schools/escambia-virtual-academy-franchise","","","","","","","","","",""
"public-nces-120051007541","120051007541","Escambia Virtual Instruction Program","FL","Escambia","Pensacola","30 E TEXAR DR","32503","","","public","false","","","","KG-12","true","","","","2024-25","https://nces.ed.gov/ccd/schoolsearch/school_detail.asp?ID=120051007541","http://www.escambiaschools.org/","/schools/escambia-virtual-instruction-program","","","","","","","","","",""
"public-nces-120051008310","120051008310","Escambia Virtual Instructional Program (District Provided)","FL","Escambia","Pensacola","30 E TEXAR DR","32503","","","public","false","","","","KG-12","true","","","","2024-25","https://nces.ed.gov/ccd/schoolsearch/school_detail.asp?ID=120051008310","http://www.escambiaschools.org/","/schools/escambia-virtual-instructional-program-district-provided","","","","","","","","","",""
"public-nces-120051002431","120051002431","Escambia Westgate Center","FL","Escambia","Pensacola","10050 ASHTON BROSNAHAM RD","32534","30.550656","-87.26929","public","false","","","","PK-12","false","","","","2024-25","https://nces.ed.gov/ccd/schoolsearch/school_detail.asp?ID=120051002431","http://www.escambiaschools.org/","/schools/escambia-westgate-center","","","https://nces.ed.gov/ccd/schoolsearch/school_detail.asp?ID=120051002431","","","","","","",""
"public-nces-120165003666","120165003666","Ese Development Center","FL","Santa Rosa","Milton","6032 HWY 90","32570","30.604208","-87.072146","public","false","","","","12-12","false","","","","2024-25","https://nces.ed.gov/ccd/schoolsearch/school_detail.asp?ID=120165003666","http://www.santarosa.k12.fl.us/stuserv/","/schools/ese-development-center","","","https://nces.ed.gov/ccd/schoolsearch/school_detail.asp?ID=120165003666","","","","","","",""
"public-nces-010027001710","010027001710","Fairhope East Elementary","AL","Baldwin","Fairhope","2 N Bishop Rd","36532","30.526382","-87.876402","public","false","","","","PK-06","false","A","A","2024-25","2024-25","https://nces.ed.gov/ccd/schoolsearch/school_detail.asp?ID=010027001710","http://www.fairhopeintermediate.com/","/schools/fairhope-east-elementary","","","https://nces.ed.gov/ccd/schoolsearch/school_detail.asp?ID=010027001710","","","","","","",""
"public-nces-010027000100","010027000100","Fairhope High School","AL","Baldwin","Fairhope","18800 Greeno Rd","36532","30.498068","-87.8836","public","false","","","","09-12","false","A","A","2024-25","2024-25","https://nces.ed.gov/ccd/schoolsearch/school_detail.asp?ID=010027000100","http://www.fairhopehs.com/","/schools/fairhope-high-school","","","https://nces.ed.gov/ccd/schoolsearch/school_detail.asp?ID=010027000100","","","","","","",""
"public-nces-010027000059","010027000059","Fairhope Middle School","AL","Baldwin","Fairhope","Two Pirate Drive","36532","30.495443","-87.881755","public","false","","","","07-08","false","A","A","2024-25","2024-25","https://nces.ed.gov/ccd/schoolsearch/school_detail.asp?ID=010027000059","http://www.fairhopems.com/","/schools/fairhope-middle-school","","","https://nces.ed.gov/ccd/schoolsearch/school_detail.asp?ID=010027000059","","","","","","",""
"public-nces-010027001711","010027001711","Fairhope West Elementary","AL","Baldwin","Fairhope","408 N Section Street","36532","30.5305","-87.901665","public","false","","","","PK-06","false","A","A","2024-25","2024-25","https://nces.ed.gov/ccd/schoolsearch/school_detail.asp?ID=010027001711","http://www.fairhopeelementary.com/","/schools/fairhope-west-elementary","","","https://nces.ed.gov/ccd/schoolsearch/school_detail.asp?ID=010027001711","","","","","","",""
"private-private-A1300645","A1300645","Faith Christian Academy","FL","Santa Rosa","Jay","13050 HWY 89","32565","30.91253","-87.166961","private","false","","true","Pentecostal","KG-12","","","","","2023-24","https://nces.ed.gov/surveys/pss/privateschoolsearch/school_detail.asp?Search=1&ID=A1300645","https://fcawarriors.com/","/schools/faith-christian-academy","https://nces.ed.gov/surveys/pss/privateschoolsearch/school_detail.asp?Search=1&ID=A1300645","2023-24","https://nces.ed.gov/surveys/pss/privateschoolsearch/school_detail.asp?Search=1&ID=A1300645","https://nces.ed.gov/opengis/rest/services/K12_School_Locations/EDGE_GEOCODE_PRIVATESCH_2324/MapServer/0/query?where=%28STATE%3D%27FL%27+AND+CNTY+IN+%28%27033%27%2C%27113%27%2C%27091%27%29%29+OR+%28STATE%3D%27AL%27+AND+CNTY%3D%27003%27%29&outFields=*&returnGeometry=false&orderByFields=PPIN&f=json","2026-09-06","https://fcawarriors.com/admissions/","","","",""
"public-nces-120051000795","120051000795","Ferry Pass Elementary School","FL","Escambia","Pensacola","8310 N DAVIS HWY","32514","30.514106","-87.216513","public","false","","","","PK-05","false","B","B","2025-26","2024-25","https://nces.ed.gov/ccd/schoolsearch/school_detail.asp?ID=120051000795","http://www.escambiaschools.org/","/schools/ferry-pass-elementary-school","","","https://nces.ed.gov/ccd/schoolsearch/school_detail.asp?ID=120051000795","","","","","","",""
"public-nces-120051000796","120051000796","Ferry Pass Middle School","FL","Escambia","Pensacola","8355 YANCEY AVE","32514","30.513678","-87.198172","public","false","","","","06-08","false","B","B","2025-26","2024-25","https://nces.ed.gov/ccd/schoolsearch/school_detail.asp?ID=120051000796","http://www.escambiaschools.org/","/schools/ferry-pass-middle-school","","","https://nces.ed.gov/ccd/schoolsearch/school_detail.asp?ID=120051000796","","","","","","",""
"private-private-A1901142","A1901142","First United Methodist School","FL","Okaloosa","Fort Walton Beach","103 1ST ST SE","32548","30.40615","-86.608841","private","false","","true","Methodist","PK-KG","","","","","2023-24","https://nces.ed.gov/surveys/pss/privateschoolsearch/school_detail.asp?Search=1&ID=A1901142","https://fwbfumc.org/","/schools/first-united-methodist-school","https://nces.ed.gov/surveys/pss/privateschoolsearch/school_detail.asp?Search=1&ID=A1901142","2023-24","https://nces.ed.gov/surveys/pss/privateschoolsearch/school_detail.asp?Search=1&ID=A1901142","https://nces.ed.gov/opengis/rest/services/K12_School_Locations/EDGE_GEOCODE_PRIVATESCH_2324/MapServer/0/query?where=%28STATE%3D%27FL%27+AND+CNTY+IN+%28%27033%27%2C%27113%27%2C%27091%27%29%29+OR+%28STATE%3D%27AL%27+AND+CNTY%3D%27003%27%29&outFields=*&returnGeometry=false&orderByFields=PPIN&f=json","2026-09-06","https://www.fwbfumc.org/wp-content/uploads/2024/09/Family-Handbook-2024-2025.pdf","The available school handbook is dated 2024-25. The website is the sponsoring church's site; confirm current school operation, programs and admissions directly.","","",""
"public-nces-010027001713","010027001713","Florence B Mathis Elementary","AL","Baldwin","Foley","600 9th Ave","36535","30.385694","-87.694176","public","false","","","","PK-06","false","B","B","2024-25","2024-25","https://nces.ed.gov/ccd/schoolsearch/school_detail.asp?ID=010027001713","http://www.foleyintermediate.org/","/schools/florence-b-mathis-elementary","","","https://nces.ed.gov/ccd/schoolsearch/school_detail.asp?ID=010027001713","","","","","","",""
"public-nces-120138001350","120138001350","Florosa Elementary School","FL","Okaloosa","Mary Esther","1700 W HIGHWAY 98","32569","30.41338","-86.729734","public","false","","","","PK-05","false","A","A","2025-26","2024-25","https://nces.ed.gov/ccd/schoolsearch/school_detail.asp?ID=120138001350","","/schools/florosa-elementary-school","","","https://nces.ed.gov/ccd/schoolsearch/school_detail.asp?ID=120138001350","","","","","","",""
"public-nces-010027001712","010027001712","Foley Elementary School","AL","Baldwin","Foley","450 N Cedar Street","36535","30.409549","-87.690853","public","false","","","","PK-06","false","B","B","2024-25","2024-25","https://nces.ed.gov/ccd/schoolsearch/school_detail.asp?ID=010027001712","http://www.foleyelementary.com/","/schools/foley-elementary-school","","","https://nces.ed.gov/ccd/schoolsearch/school_detail.asp?ID=010027001712","","","","","","",""
"public-nces-010027001784","010027001784","Foley High School","AL","Baldwin","Foley","1 Pride Pl","36535","30.381582","-87.689517","public","false","","","","09-12","false","B","B","2024-25","2024-25","https://nces.ed.gov/ccd/schoolsearch/school_detail.asp?ID=010027001784","http://www.foleyhs.com/","/schools/foley-high-school","","","https://nces.ed.gov/ccd/schoolsearch/school_detail.asp?ID=010027001784","","","","","","",""
"public-nces-010027000060","010027000060","Foley Middle School","AL","Baldwin","Foley","200 N Oak St","36535","30.407235","-87.688472","public","false","","","","07-08","false","B","B","2024-25","2024-25","https://nces.ed.gov/ccd/schoolsearch/school_detail.asp?ID=010027000060","http://www.foleymiddle.com/","/schools/foley-middle-school","","","https://nces.ed.gov/ccd/schoolsearch/school_detail.asp?ID=010027000060","","","","","","",""
"public-nces-120138001351","120138001351","Fort Walton Beach High School","FL","Okaloosa","Fort Walton Beach","400 HOLLYWOOD BLVD SW","32548","30.411625","-86.640519","public","false","","","","09-12","false","B","B","2025-26","2024-25","https://nces.ed.gov/ccd/schoolsearch/school_detail.asp?ID=120138001351","","/schools/fort-walton-beach-high-school","","","https://nces.ed.gov/ccd/schoolsearch/school_detail.asp?ID=120138001351","","","","","","",""
"public-nces-120051000836","120051000836","George Stone Technical College","FL","Escambia","Pensacola","2400 LONGLEAF DR","32526","30.48737","-87.292326","public","false","","","","09-12","false","","","","2024-25","https://nces.ed.gov/ccd/schoolsearch/school_detail.asp?ID=120051000836","http://www.escambiaschools.org/","/schools/george-stone-technical-college","","","https://nces.ed.gov/ccd/schoolsearch/school_detail.asp?ID=120051000836","","","","","","",""
"private-private-A2101036","A2101036","Global Beacon School","FL","Okaloosa","Crestview","114 JONES RD","32536","30.779154","-86.56259","private","false","","false","Nonsectarian","KG-8","","","","","2023-24","https://nces.ed.gov/surveys/pss/privateschoolsearch/school_detail.asp?Search=1&ID=A2101036","https://www.globalbeaconschool.com/","/schools/global-beacon-school","https://nces.ed.gov/surveys/pss/privateschoolsearch/school_detail.asp?Search=1&ID=A2101036","2023-24","https://nces.ed.gov/surveys/pss/privateschoolsearch/school_detail.asp?Search=1&ID=A2101036","https://nces.ed.gov/opengis/rest/services/K12_School_Locations/EDGE_GEOCODE_PRIVATESCH_2324/MapServer/0/query?where=%28STATE%3D%27FL%27+AND+CNTY+IN+%28%27033%27%2C%27113%27%2C%27091%27%29%29+OR+%28STATE%3D%27AL%27+AND+CNTY%3D%27003%27%29&outFields=*&returnGeometry=false&orderByFields=PPIN&f=json","2026-09-06","https://www.globalbeaconschool.com/","","","",""
"public-nces-120051007989","120051007989","Global Learning Academy","FL","Escambia","Pensacola","100 N P ST","32505","30.415021","-87.243267","public","false","","","","PK-05","false","C","C","2025-26","2024-25","https://nces.ed.gov/ccd/schoolsearch/school_detail.asp?ID=120051007989","http://www.escambiaschools.org/","/schools/global-learning-academy","","","https://nces.ed.gov/ccd/schoolsearch/school_detail.asp?ID=120051007989","","","","","","",""
"private-private-A0102236","A0102236","Good Shepherd Lutheran School","FL","Santa Rosa","Gulf Breeze","4237 GULF BREEZE PKWY","32563","30.392425","-87.045074","private","false","","true","Lutheran Church - Missouri Synod","PK-5","","","","","2023-24","https://nces.ed.gov/surveys/pss/privateschoolsearch/school_detail.asp?Search=1&ID=A0102236","","/schools/good-shepherd-lutheran-school","https://nces.ed.gov/surveys/pss/privateschoolsearch/school_detail.asp?Search=1&ID=A0102236","2023-24","https://nces.ed.gov/surveys/pss/privateschoolsearch/school_detail.asp?Search=1&ID=A0102236","https://nces.ed.gov/opengis/rest/services/K12_School_Locations/EDGE_GEOCODE_PRIVATESCH_2324/MapServer/0/query?where=%28STATE%3D%27FL%27+AND+CNTY+IN+%28%27033%27%2C%27113%27%2C%27091%27%29%29+OR+%28STATE%3D%27AL%27+AND+CNTY%3D%27003%27%29&outFields=*&returnGeometry=false&orderByFields=PPIN&f=json","2026-09-06","https://locator.lcms.org/school/384688","The official LCMS school directory is a safe source link. Do not use the historical school domain; it currently serves unrelated content.","","",""
"public-nces-120165001819","120165001819","Gulf Breeze Elementary School","FL","Santa Rosa","Gulf Breeze","549 GULF BREEZE PKWY","32561","30.360862","-87.169266","public","false","","","","PK-05","false","A","A","2025-26","2024-25","https://nces.ed.gov/ccd/schoolsearch/school_detail.asp?ID=120165001819","http://www.santarosa.k12.fl.us/schools/gbe/","/schools/gulf-breeze-elementary-school","","","https://nces.ed.gov/ccd/schoolsearch/school_detail.asp?ID=120165001819","","","","","","",""
"public-nces-120165001821","120165001821","Gulf Breeze High School","FL","Santa Rosa","Gulf Breeze","675 GULF BREEZE PKWY","32561","30.357813","-87.167363","public","false","","","","09-12","false","A","A","2025-26","2024-25","https://nces.ed.gov/ccd/schoolsearch/school_detail.asp?ID=120165001821","http://www.santarosa.k12.fl.us/schools/gbh/","/schools/gulf-breeze-high-school","","","https://nces.ed.gov/ccd/schoolsearch/school_detail.asp?ID=120165001821","","","","","","",""
"public-nces-120165001820","120165001820","Gulf Breeze Middle School","FL","Santa Rosa","Gulf Breeze","649 GULF BREEZE PKWY","32561","30.359126","-87.168676","public","false","","","","06-08","false","A","A","2025-26","2024-25","https://nces.ed.gov/ccd/schoolsearch/school_detail.asp?ID=120165001820","http://www.santarosa.k12.fl.us/schools/gbm/","/schools/gulf-breeze-middle-school","","","https://nces.ed.gov/ccd/schoolsearch/school_detail.asp?ID=120165001820","","","","","","",""
"public-nces-010020202469","010020202469","Gulf Shores Elementary School","AL","Baldwin","Gulf Shores","1600 E 3rd St","36542","30.26906","-87.68018","public","false","","","","PK-05","false","A","A","2024-25","2024-25","https://nces.ed.gov/ccd/schoolsearch/school_detail.asp?ID=010020202469","http://www.nonesupplied.com/","/schools/gulf-shores-elementary-school","","","https://nces.ed.gov/ccd/schoolsearch/school_detail.asp?ID=010020202469","","","","","","",""
"public-nces-010020202473","010020202473","Gulf Shores High School","AL","Baldwin","Gulf Shores","21656 Coastal Gateway Boulevard","36542","","","public","false","","","","09-12","false","A","A","2024-25","2024-25","https://nces.ed.gov/ccd/schoolsearch/school_detail.asp?ID=010020202473","https://gshs.gsboe.org/","/schools/gulf-shores-high-school","","","https://www.gsboe.org/departments/admissions-enrollment-registration","https://geocoding.geo.census.gov/geocoder/locations/onelineaddress?address=21656%20Coastal%20Gateway%20Boulevard%20Gulf%20Shores%20AL%2036542&benchmark=Public_AR_Current&format=json","2026-09-10","https://www.gsboe.org/departments/admissions-enrollment-registration","The current high-school address is 21656 Coastal Gateway Boulevard. The former 600 East 15th Avenue location belongs to the older NCES record and is now listed for the middle school. A verified point for the new high-school campus is not available in this directory, so no pin, distance or driving estimate is shown. Confirm the entrance with the school. Campus information checked September 10, 2026.","","",""
"public-nces-010020202471","010020202471","Gulf Shores Middle School","AL","Baldwin","Gulf Shores","600 East 15th Ave","36542","30.268429057867","-87.677033568496","public","false","","","","06-08","false","A","A","2024-25","2024-25","https://nces.ed.gov/ccd/schoolsearch/school_detail.asp?ID=010020202471","https://gsms.gsboe.org/","/schools/gulf-shores-middle-school","","","https://www.gsboe.org/departments/admissions-enrollment-registration","https://geocoding.geo.census.gov/geocoder/locations/onelineaddress?address=600%20East%2015th%20Ave%20Gulf%20Shores%20AL%2036542&benchmark=Public_AR_Current&format=json","2026-09-10","https://www.gsboe.org/departments/admissions-enrollment-registration","The district now lists the middle school at 600 East 15th Avenue. Its pin is an approximate Census street-address point, not the entrance. Confirm current arrival and pickup access with the school. Campus information checked September 10, 2026.","","",""
"public-nces-120051002746","120051002746","Hellen Caro Elementary School","FL","Escambia","Pensacola","12551 MEADSON RD","32506","30.345588","-87.407758","public","false","","","","PK-05","false","B","B","2025-26","2024-25","https://nces.ed.gov/ccd/schoolsearch/school_detail.asp?ID=120051002746","http://www.escambiaschools.org/","/schools/hellen-caro-elementary-school","","","https://nces.ed.gov/ccd/schoolsearch/school_detail.asp?ID=120051002746","","","","","","",""
"public-nces-120165008958","120165008958","High Road","FL","Santa Rosa","Milton","4140 BERRYHILL RD","32570","30.647824","-87.149882","public","false","","","","KG-12","false","","","","2024-25","https://nces.ed.gov/ccd/schoolsearch/school_detail.asp?ID=120165008958","","/schools/high-road","","","https://nces.ed.gov/ccd/schoolsearch/school_detail.asp?ID=120165008958","","","","","","",""
"private-private-A2392082","A2392082","Hillcrest Private Academy","FL","Escambia","Pensacola","7150 Tippin Avenue #11456","32504","","","private","false","","false","Nonsectarian","PK-12","true","","","","2023-24","https://nces.ed.gov/surveys/pss/privateschoolsearch/school_detail.asp?Search=1&ID=A2392082","https://hc-pa.com/","/schools/hillcrest-private-academy","https://nces.ed.gov/surveys/pss/privateschoolsearch/school_detail.asp?Search=1&ID=A2392082","2023-24","https://hc-pa.com/faq/","https://nces.ed.gov/opengis/rest/services/K12_School_Locations/EDGE_GEOCODE_PRIVATESCH_2324/MapServer/0/query?where=%28STATE%3D%27FL%27+AND+CNTY+IN+%28%27033%27%2C%27113%27%2C%27091%27%29%29+OR+%28STATE%3D%27AL%27+AND+CNTY%3D%27003%27%29&outFields=*&returnGeometry=false&orderByFields=PPIN&f=json","2026-09-06","https://hc-pa.com/about/","Virtual homeschool cover school. Its address is for administration/mail and must not be presented as a classroom campus.","","",""
"public-nces-120165001832","120165001832","Hobbs Middle School","FL","Santa Rosa","Milton","5317 GLOVER LN","32570","30.628523","-87.065173","public","false","","","","06-08","false","B","B","2025-26","2024-25","https://nces.ed.gov/ccd/schoolsearch/school_detail.asp?ID=120165001832","http://www.santarosa.k12.fl.us/schools/hms/","/schools/hobbs-middle-school","","","https://nces.ed.gov/ccd/schoolsearch/school_detail.asp?ID=120165001832","","","","","","",""
"public-nces-120165001834","120165001834","Holley-Navarre Intermediate","FL","Santa Rosa","Navarre","1936 NAVARRE SCHOOL RD","32566","30.404274","-86.88734","public","false","","","","03-05","false","B","B","2025-26","2024-25","https://nces.ed.gov/ccd/schoolsearch/school_detail.asp?ID=120165001834","http://www.santarosa.k12.fl.us/schools/hni/","/schools/holley-navarre-intermediate","","","https://nces.ed.gov/ccd/schoolsearch/school_detail.asp?ID=120165001834","","","","","","",""
"public-nces-120165002670","120165002670","Holley-Navarre Middle School","FL","Santa Rosa","Navarre","1976 WILLIAMS CREEK DR","32566","30.406339","-86.889181","public","false","","","","06-08","false","B","B","2025-26","2024-25","https://nces.ed.gov/ccd/schoolsearch/school_detail.asp?ID=120165002670","http://www.santarosa.k12.fl.us/schools/hnm/","/schools/holley-navarre-middle-school","","","https://nces.ed.gov/ccd/schoolsearch/school_detail.asp?ID=120165002670","","","","","","",""
"public-nces-120165005375","120165005375","Holley-Navarre Primary","FL","Santa Rosa","Navarre","8019 ESCOLA ST","32566","30.406302","-86.887457","public","false","","","","PK-02","false","","","","2024-25","https://nces.ed.gov/ccd/schoolsearch/school_detail.asp?ID=120165005375","http://www.santarosa.k12.fl.us/schools/hnp/","/schools/holley-navarre-primary","","","https://nces.ed.gov/ccd/schoolsearch/school_detail.asp?ID=120165005375","","","","","","",""
"public-nces-120051002306","120051002306","Hope Horizon At Judy Andrews Center","FL","Escambia","Pensacola","129 N MERRITT ST","32507","30.38976","-87.281185","public","false","","","","KG-12","false","","","","2024-25","https://nces.ed.gov/ccd/schoolsearch/school_detail.asp?ID=120051002306","http://www.escambiaschools.org/","/schools/hope-horizon-at-judy-andrews-center","","","https://nces.ed.gov/ccd/schoolsearch/school_detail.asp?ID=120051002306","","","","","","",""
"public-nces-120051002305","120051002305","Hospital & Homebound","FL","Escambia","Pensacola","40 E TEXAR DR","32503","30.447045","-87.222532","public","false","","","","PK-12","false","","","","2024-25","https://nces.ed.gov/ccd/schoolsearch/school_detail.asp?ID=120051002305","http://www.escambiaschools.org/","/schools/hospital-homebound","","","https://nces.ed.gov/ccd/schoolsearch/school_detail.asp?ID=120051002305","","","","","","",""
"public-nces-120165008716","120165008716","Hospital Homebound","FL","Santa Rosa","Milton","6032 HWY 90, BLD 9040","32570","30.604208","-87.072146","public","false","","","","KG-12","false","","","","2024-25","https://nces.ed.gov/ccd/schoolsearch/school_detail.asp?ID=120165008716","","/schools/hospital-homebound-milton-120165008716","","","https://nces.ed.gov/ccd/schoolsearch/school_detail.asp?ID=120165008716","","","","","","",""
"public-nces-010027000660","010027000660","J Larry Newton School","AL","Baldwin","Fairhope","9761 County Road 32","36532","30.473684","-87.856822","public","false","","","","PK-06","false","A","A","2024-25","2024-25","https://nces.ed.gov/ccd/schoolsearch/school_detail.asp?ID=010027000660","http://www.jlnewtonschool.com/","/schools/j-larry-newton-school","","","https://nces.ed.gov/ccd/schoolsearch/school_detail.asp?ID=010027000660","","","","","","",""
"public-nces-120051000819","120051000819","J. H. Workman Middle School","FL","Escambia","Pensacola","6299 LANIER DR","32504","30.487332","-87.206193","public","false","","","","06-08","false","B","B","2025-26","2024-25","https://nces.ed.gov/ccd/schoolsearch/school_detail.asp?ID=120051000819","http://www.escambiaschools.org/","/schools/j-h-workman-middle-school","","","https://nces.ed.gov/ccd/schoolsearch/school_detail.asp?ID=120051000819","","","","","","",""
"public-nces-120051000812","120051000812","J. M. Tate Senior High School","FL","Escambia","Cantonment","1771 TATE RD","32533","30.575793","-87.300871","public","false","","","","09-12","false","A","A","2025-26","2024-25","https://nces.ed.gov/ccd/schoolsearch/school_detail.asp?ID=120051000812","http://www.escambiaschools.org/","/schools/j-m-tate-senior-high-school","","","https://nces.ed.gov/ccd/schoolsearch/school_detail.asp?ID=120051000812","","","","","","",""
"public-nces-120051003705","120051003705","Jackie Harris Preparatory Academy","FL","Escambia","Pensacola","8190 PENSACOLA BLVD","32534","30.515903","-87.270089","public","true","","","","KG-05","false","","","","2024-25","https://nces.ed.gov/ccd/schoolsearch/school_detail.asp?ID=120051003705","http://www.escambiaschools.org/","/schools/jackie-harris-preparatory-academy","","","https://nces.ed.gov/ccd/schoolsearch/school_detail.asp?ID=120051003705","","","","","","",""
"public-nces-120138001346","120138001346","James E Plew Elementary School","FL","Okaloosa","Niceville","220 PINE AVE","32578","30.513234","-86.462391","public","false","","","","PK-05","false","A","A","2025-26","2024-25","https://nces.ed.gov/ccd/schoolsearch/school_detail.asp?ID=120138001346","","/schools/james-e-plew-elementary-school","","","https://nces.ed.gov/ccd/schoolsearch/school_detail.asp?ID=120138001346","","","","","","",""
"public-nces-120165001824","120165001824","Jay Elementary School","FL","Santa Rosa","Jay","13833 ALABAMA ST","32565","30.940163","-87.157753","public","false","","","","PK-06","false","A","A","2025-26","2024-25","https://nces.ed.gov/ccd/schoolsearch/school_detail.asp?ID=120165001824","http://www.santarosa.k12.fl.us/schools/jes/","/schools/jay-elementary-school","","","https://nces.ed.gov/ccd/schoolsearch/school_detail.asp?ID=120165001824","","","","","","",""
"public-nces-120165001823","120165001823","Jay High School","FL","Santa Rosa","Jay","3741 SCHOOL ST","32565","30.941946","-87.157854","public","false","","","","07-12","false","C","C","2025-26","2024-25","https://nces.ed.gov/ccd/schoolsearch/school_detail.asp?ID=120165001823","http://www.santarosa.k12.fl.us/schools/jhs/","/schools/jay-high-school","","","https://nces.ed.gov/ccd/schoolsearch/school_detail.asp?ID=120165001823","","","","","","",""
"public-nces-120051000774","120051000774","Jim Allen Elementary School","FL","Escambia","Cantonment","1051 N HIGHWAY 95A","32533","30.624422","-87.324069","public","false","","","","PK-05","false","B","B","2025-26","2024-25","https://nces.ed.gov/ccd/schoolsearch/school_detail.asp?ID=120051000774","http://www.escambiaschools.org/","/schools/jim-allen-elementary-school","","","https://nces.ed.gov/ccd/schoolsearch/school_detail.asp?ID=120051000774","","","","","","",""
"public-nces-120051002994","120051002994","Jim C. Bailey Middle School","FL","Escambia","Pensacola","4110 BAUER RD","32506","30.346099","-87.404394","public","false","","","","06-08","false","B","B","2025-26","2024-25","https://nces.ed.gov/ccd/schoolsearch/school_detail.asp?ID=120051002994","http://www.escambiaschools.org/","/schools/jim-c-bailey-middle-school","","","https://nces.ed.gov/ccd/schoolsearch/school_detail.asp?ID=120051002994","","","","","","",""
"private-private-A9501231","A9501231","Jubilee Christian Academy","FL","Escambia","Pensacola","5910 N W ST","32505","30.47308","-87.254221","private","false","","true","Christian (no specific denomination)","PK-11","","","","","2023-24","https://nces.ed.gov/surveys/pss/privateschoolsearch/school_detail.asp?Search=1&ID=A9501231","https://jcakids.org/","/schools/jubilee-christian-academy","https://nces.ed.gov/surveys/pss/privateschoolsearch/school_detail.asp?Search=1&ID=A9501231","2023-24","https://nces.ed.gov/surveys/pss/privateschoolsearch/school_detail.asp?Search=1&ID=A9501231","https://nces.ed.gov/opengis/rest/services/K12_School_Locations/EDGE_GEOCODE_PRIVATESCH_2324/MapServer/0/query?where=%28STATE%3D%27FL%27+AND+CNTY+IN+%28%27033%27%2C%27113%27%2C%27091%27%29%29+OR+%28STATE%3D%27AL%27+AND+CNTY%3D%27003%27%29&outFields=*&returnGeometry=false&orderByFields=PPIN&f=json","2026-09-06","https://jcakids.org/admissions","","","",""
"public-nces-120138001349","120138001349","Kenwood Elementary School","FL","Okaloosa","Fort Walton Beach","15 EAGLE ST NE","32547","30.458804","-86.608352","public","false","","","","PK-05","false","B","B","2025-26","2024-25","https://nces.ed.gov/ccd/schoolsearch/school_detail.asp?ID=120138001349","","/schools/kenwood-elementary-school","","","https://nces.ed.gov/ccd/schoolsearch/school_detail.asp?ID=120138001349","","","","","","",""
"public-nces-120051008560","120051008560","Kingsfield Elementary School","FL","Escambia","Cantonment","900 W KINGSFIELD RD","32533","30.579986","-87.338776","public","false","","","","PK-05","false","B","B","2025-26","2024-25","https://nces.ed.gov/ccd/schoolsearch/school_detail.asp?ID=120051008560","http://www.escambiaschools.org/","/schools/kingsfield-elementary-school","","","https://nces.ed.gov/ccd/schoolsearch/school_detail.asp?ID=120051008560","","","","","","",""
"public-nces-120051000840","120051000840","L. D. Mcarthur Elementary School","FL","Escambia","Pensacola","330 E TEN MILE RD","32534","30.548703","-87.269066","public","false","","","","PK-05","false","B","B","2025-26","2024-25","https://nces.ed.gov/ccd/schoolsearch/school_detail.asp?ID=120051000840","http://www.escambiaschools.org/","/schools/l-d-mcarthur-elementary-school","","","https://nces.ed.gov/ccd/schoolsearch/school_detail.asp?ID=120051000840","","","","","","",""
"private-private-A0901005","A0901005","Lakewood Christian School","FL","Okaloosa","Crestview","6250 OLD BETHEL RD","32536","30.79561","-86.563451","private","false","","true","Christian (no specific denomination)","PK-12","","","","","2023-24","https://nces.ed.gov/surveys/pss/privateschoolsearch/school_detail.asp?Search=1&ID=A0901005","https://thelakewoodchristianschool.com/","/schools/lakewood-christian-school","https://nces.ed.gov/surveys/pss/privateschoolsearch/school_detail.asp?Search=1&ID=A0901005","2023-24","https://nces.ed.gov/surveys/pss/privateschoolsearch/school_detail.asp?Search=1&ID=A0901005","https://nces.ed.gov/opengis/rest/services/K12_School_Locations/EDGE_GEOCODE_PRIVATESCH_2324/MapServer/0/query?where=%28STATE%3D%27FL%27+AND+CNTY+IN+%28%27033%27%2C%27113%27%2C%27091%27%29%29+OR+%28STATE%3D%27AL%27+AND+CNTY%3D%27003%27%29&outFields=*&returnGeometry=false&orderByFields=PPIN&f=json","2026-09-06","https://thelakewoodchristianschool.com/","","","",""
"public-nces-120138001332","120138001332","Laurel Hill School","FL","Okaloosa","Laurel Hill","8078 4TH ST","32567","30.958616","-86.46224","public","false","","","","PK-12","false","A","A","2025-26","2024-25","https://nces.ed.gov/ccd/schoolsearch/school_detail.asp?ID=120138001332","","/schools/laurel-hill-school","","","https://nces.ed.gov/ccd/schoolsearch/school_detail.asp?ID=120138001332","","","","","","",""
"public-nces-120165003505","120165003505","Learning Academy Of Santa Rosa","FL","Santa Rosa","Milton","5880 STEWART ST","32570","30.648469","-87.044553","public","true","","","","06-12","false","","","","2024-25","https://nces.ed.gov/ccd/schoolsearch/school_detail.asp?ID=120165003505","http://www.lasr.us/","/schools/learning-academy-of-santa-rosa","","","https://nces.ed.gov/ccd/schoolsearch/school_detail.asp?ID=120165003505","","","","","","",""
"private-official-lighthouse-gulf-breeze","","Lighthouse Private Christian Academy - Gulf Breeze Campus","FL","Santa Rosa","Gulf Breeze","1530 New Hope Rd","32563","30.392074144729","-87.018839598384","private","false","","true","Christian (nondenominational)","KG-12","false","","","","2026","https://lighthousepca.com/gulf-breeze-high-school/","https://lighthousepca.com/gulf-breeze-high-school/","/schools/lighthouse-private-christian-academy-gulf-breeze-campus","https://lighthousepca.com/gulf-breeze-high-school/","2026","https://lighthousepca.com/gulf-breeze-high-school/","https://geocoding.geo.census.gov/geocoder/locations/onelineaddress?address=1530+New+Hope+Rd+Gulf+Breeze+FL+32563&benchmark=Public_AR_Current&format=json","2026-09-06","https://lighthousepca.com/gulf-breeze-high-school/","Approximate address point from the Census geocoder; confirm the campus entrance with the school.","","",""
"private-official-lighthouse-pensacola","","Lighthouse Private Christian Academy - Pensacola Campus","FL","Escambia","Pensacola","1100 W Scott St","32501","30.437612393504","-87.231349058845","private","false","","true","Christian (nondenominational)","KG-12","false","","","","2026","https://lighthousepca.com/pensacola-k-12th-campus/","https://lighthousepca.com/pensacola-k-12th-campus/","/schools/lighthouse-private-christian-academy-pensacola-campus","https://lighthousepca.com/pensacola-k-12th-campus/","2026","https://lighthousepca.com/pensacola-k-12th-campus/","https://geocoding.geo.census.gov/geocoder/locations/onelineaddress?address=1100+W+Scott+St+Pensacola+FL+32501&benchmark=Public_AR_Current&format=json","2026-09-06","https://lighthousepca.com/pensacola-k-12th-campus/","Approximate address point from the Census geocoder; confirm the campus entrance with the school.","","",""
"public-nces-120051002063","120051002063","Lincoln Park Elementary School","FL","Escambia","Pensacola","7600 KERSHAW ST","32534","30.507371","-87.277042","public","false","","","","PK-05","false","B","B","2025-26","2024-25","https://nces.ed.gov/ccd/schoolsearch/school_detail.asp?ID=120051002063","http://www.escambiaschools.org/","/schools/lincoln-park-elementary-school","","","https://nces.ed.gov/ccd/schoolsearch/school_detail.asp?ID=120051002063","","","","","","",""
"private-private-00258253","00258253","Little Flower Catholic School","FL","Escambia","Pensacola","6495 LILLIAN HWY","32506","30.42205","-87.299501","private","false","","true","Roman Catholic","PK-8","","","","","2023-24","https://nces.ed.gov/surveys/pss/privateschoolsearch/school_detail.asp?Search=1&ID=00258253","https://www.ptlittleflowerschool.org/","/schools/little-flower-catholic-school","https://nces.ed.gov/surveys/pss/privateschoolsearch/school_detail.asp?Search=1&ID=00258253","2023-24","https://nces.ed.gov/surveys/pss/privateschoolsearch/school_detail.asp?Search=1&ID=00258253","https://nces.ed.gov/opengis/rest/services/K12_School_Locations/EDGE_GEOCODE_PRIVATESCH_2324/MapServer/0/query?where=%28STATE%3D%27FL%27+AND+CNTY+IN+%28%27033%27%2C%27113%27%2C%27091%27%29%29+OR+%28STATE%3D%27AL%27+AND+CNTY%3D%27003%27%29&outFields=*&returnGeometry=false&orderByFields=PPIN&f=json","2026-09-06","https://www.ptlittleflowerschool.org/admissions","","","",""
"public-nces-120138003735","120138003735","Liza Jackson Preparatory School","FL","Okaloosa","Fort Walton Beach","1123 HOSPITAL RD","32547","30.457989","-86.633231","public","true","","","","KG-08","false","A","A","2025-26","2024-25","https://nces.ed.gov/ccd/schoolsearch/school_detail.asp?ID=120138003735","","/schools/liza-jackson-preparatory-school","","","https://nces.ed.gov/ccd/schoolsearch/school_detail.asp?ID=120138003735","","","","","","",""
"public-nces-120051000838","120051000838","Longleaf Elementary School","FL","Escambia","Pensacola","2600 LONGLEAF DR","32526","30.488593","-87.299344","public","false","","","","PK-05","false","B","B","2025-26","2024-25","https://nces.ed.gov/ccd/schoolsearch/school_detail.asp?ID=120051000838","http://www.escambiaschools.org/","/schools/longleaf-elementary-school","","","https://nces.ed.gov/ccd/schoolsearch/school_detail.asp?ID=120051000838","","","","","","",""
"public-nces-120138001354","120138001354","Longwood Elementary School","FL","Okaloosa","Shalimar","50 HOLLY AVE","32579","30.4617","-86.5865","public","false","","","","PK-05","false","C","C","2025-26","2024-25","https://nces.ed.gov/ccd/schoolsearch/school_detail.asp?ID=120138001354","","/schools/longwood-elementary-school","","","https://nces.ed.gov/ccd/schoolsearch/school_detail.asp?ID=120138001354","","","","","","",""
"private-private-BB200582","BB200582","Lotus Learning & Arts Center","FL","Okaloosa","Shalimar","74 3rd Street","32579","30.446078120908","-86.577942632794","private","false","","false","Nonsectarian","2-11","","","","","2023-24","https://nces.ed.gov/surveys/pss/privateschoolsearch/school_detail.asp?Search=1&ID=BB200582","https://www.discoverlotus.org/","/schools/lotus-learning-arts-center","https://nces.ed.gov/surveys/pss/privateschoolsearch/school_detail.asp?Search=1&ID=BB200582","2023-24","https://www.discoverlotus.org/contact-us","https://geocoding.geo.census.gov/geocoder/locations/onelineaddress?address=74+3rd+Street+Shalimar+FL+32579&benchmark=Public_AR_Current&format=json","2026-09-06","https://www.discoverlotus.org/contact-us","Current school-published address, with an approximate Census address point. Confirm the campus entrance with the school.","","",""
"public-nces-010027001714","010027001714","Loxley Elementary School","AL","Baldwin","Loxley","4999 South Magnolia St","36551","30.61418","-87.758564","public","false","","","","PK-06","false","B","B","2024-25","2024-25","https://nces.ed.gov/ccd/schoolsearch/school_detail.asp?ID=010027001714","http://www.loxleyelementary.com/","/schools/loxley-elementary-school","","","https://nces.ed.gov/ccd/schoolsearch/school_detail.asp?ID=010027001714","","","","","","",""
"public-nces-120138001329","120138001329","Lula J. Edge Elementary School","FL","Okaloosa","Niceville","300 HIGHWAY 85 N","32578","30.5272","-86.495","public","false","","","","PK-05","false","A","A","2025-26","2024-25","https://nces.ed.gov/ccd/schoolsearch/school_detail.asp?ID=120138001329","","/schools/lula-j-edge-elementary-school","","","https://nces.ed.gov/ccd/schoolsearch/school_detail.asp?ID=120138001329","","","","","","",""
"public-nces-010027000648","010027000648","Magnolia School","AL","Baldwin","Foley","1 Jaguar Loop","36535","30.4198","-87.7436","public","false","","","","PK-06","false","B","B","2024-25","2024-25","https://nces.ed.gov/ccd/schoolsearch/school_detail.asp?ID=010027000648","http://www.magnoliaschoolk6.com/","/schools/magnolia-school","","","https://nces.ed.gov/ccd/schoolsearch/school_detail.asp?ID=010027000648","","","","","","",""
"private-private-A0501199","A0501199","Marcus Pointe Christian School","FL","Escambia","Pensacola","6205 N W ST","32505","30.4741","-87.257191","private","false","","true","Baptist","PK-5","","","","","2023-24","https://nces.ed.gov/surveys/pss/privateschoolsearch/school_detail.asp?Search=1&ID=A0501199","https://marcuspointechristian.org/","/schools/marcus-pointe-christian-school","https://nces.ed.gov/surveys/pss/privateschoolsearch/school_detail.asp?Search=1&ID=A0501199","2023-24","https://nces.ed.gov/surveys/pss/privateschoolsearch/school_detail.asp?Search=1&ID=A0501199","https://nces.ed.gov/opengis/rest/services/K12_School_Locations/EDGE_GEOCODE_PRIVATESCH_2324/MapServer/0/query?where=%28STATE%3D%27FL%27+AND+CNTY+IN+%28%27033%27%2C%27113%27%2C%27091%27%29%29+OR+%28STATE%3D%27AL%27+AND+CNTY%3D%27003%27%29&outFields=*&returnGeometry=false&orderByFields=PPIN&f=json","2026-09-06","https://marcuspointechristian.org/","","","",""
"private-private-00002176","00002176","Marietta Johnson School Of Organic Education","AL","Baldwin","Fairhope","8 MARIETTA DR","36532","30.51002","-87.900941","private","false","","false","Nonsectarian","1-6","","","","","2023-24","https://nces.ed.gov/surveys/pss/privateschoolsearch/school_detail.asp?Search=1&ID=00002176","https://fairhopeorganicschool.org/","/schools/marietta-johnson-school-of-organic-education","https://nces.ed.gov/surveys/pss/privateschoolsearch/school_detail.asp?Search=1&ID=00002176","2023-24","https://nces.ed.gov/surveys/pss/privateschoolsearch/school_detail.asp?Search=1&ID=00002176","https://nces.ed.gov/opengis/rest/services/K12_School_Locations/EDGE_GEOCODE_PRIVATESCH_2324/MapServer/0/query?where=%28STATE%3D%27FL%27+AND+CNTY+IN+%28%27033%27%2C%27113%27%2C%27091%27%29%29+OR+%28STATE%3D%27AL%27+AND+CNTY%3D%27003%27%29&outFields=*&returnGeometry=false&orderByFields=PPIN&f=json","2026-09-06","https://fairhopeorganicschool.org/contact/","The official site lists specific 2026-27 programs and a waitlist for older students. Confirm current grade availability directly; the directory grade span is historical.","","",""
"public-nces-120165001833","120165001833","Martin Luther King Middle School","FL","Santa Rosa","Milton","5928 STEWART ST","32570","30.650704","-87.044268","public","false","","","","06-08","false","B","B","2025-26","2024-25","https://nces.ed.gov/ccd/schoolsearch/school_detail.asp?ID=120165001833","http://www.santarosa.k12.fl.us/schools/kms/","/schools/martin-luther-king-middle-school","","","https://nces.ed.gov/ccd/schoolsearch/school_detail.asp?ID=120165001833","","","","","","",""
"public-nces-120138001345","120138001345","Mary Esther Elementary School","FL","Okaloosa","Mary Esther","320 E MIRACLE STRIP PKWY","32569","30.410685","-86.65758","public","false","","","","PK-05","false","C","C","2025-26","2024-25","https://nces.ed.gov/ccd/schoolsearch/school_detail.asp?ID=120138001345","","/schools/mary-esther-elementary-school","","","https://nces.ed.gov/ccd/schoolsearch/school_detail.asp?ID=120138001345","","","","","","",""
"public-nces-120138001352","120138001352","Max Bruner Junior Middle School","FL","Okaloosa","Fort Walton Beach","322 HOLMES BLVD NW","32548","30.418936","-86.634148","public","false","","","","06-08","false","A","A","2025-26","2024-25","https://nces.ed.gov/ccd/schoolsearch/school_detail.asp?ID=120138001352","","/schools/max-bruner-junior-middle-school","","","https://nces.ed.gov/ccd/schoolsearch/school_detail.asp?ID=120138001352","","","","","","",""
"public-nces-120165001826","120165001826","Milton High School","FL","Santa Rosa","Milton","5445 STEWART ST","32570","30.632793","-87.04488","public","false","","","","09-12","false","B","B","2025-26","2024-25","https://nces.ed.gov/ccd/schoolsearch/school_detail.asp?ID=120165001826","http://www.santarosa.k12.fl.us/schools/mhs/","/schools/milton-high-school","","","https://nces.ed.gov/ccd/schoolsearch/school_detail.asp?ID=120165001826","","","","","","",""
"public-nces-120051004081","120051004081","Molino Park Elementary","FL","Escambia","Molino","899 HIGHWAY 97","32577","30.740367","-87.362575","public","false","","","","PK-05","false","A","A","2025-26","2024-25","https://nces.ed.gov/ccd/schoolsearch/school_detail.asp?ID=120051004081","http://www.escambiaschools.org/","/schools/molino-park-elementary","","","https://nces.ed.gov/ccd/schoolsearch/school_detail.asp?ID=120051004081","","","","","","",""
"public-nces-120051000801","120051000801","Montclair Elementary School","FL","Escambia","Pensacola","820 MASSACHUSETTS AVE","32505","30.45415","-87.258321","public","false","","","","PK-05","false","A","A","2025-26","2024-25","https://nces.ed.gov/ccd/schoolsearch/school_detail.asp?ID=120051000801","http://www.escambiaschools.org/","/schools/montclair-elementary-school","","","https://nces.ed.gov/ccd/schoolsearch/school_detail.asp?ID=120051000801","","","","","","",""
"private-private-K9301282","K9301282","Montessori Learning Center","FL","Okaloosa","Fort Walton Beach","28 MIRACLE STRIP PKWY SW # 2","32548","30.40385","-86.617301","private","false","","false","Nonsectarian","PK-3","","","","","2023-24","https://nces.ed.gov/surveys/pss/privateschoolsearch/school_detail.asp?Search=1&ID=K9301282","https://www.montessorifwb.com/","/schools/montessori-learning-center","https://nces.ed.gov/surveys/pss/privateschoolsearch/school_detail.asp?Search=1&ID=K9301282","2023-24","https://nces.ed.gov/surveys/pss/privateschoolsearch/school_detail.asp?Search=1&ID=K9301282","https://nces.ed.gov/opengis/rest/services/K12_School_Locations/EDGE_GEOCODE_PRIVATESCH_2324/MapServer/0/query?where=%28STATE%3D%27FL%27+AND+CNTY+IN+%28%27033%27%2C%27113%27%2C%27091%27%29%29+OR+%28STATE%3D%27AL%27+AND+CNTY%3D%27003%27%29&outFields=*&returnGeometry=false&orderByFields=PPIN&f=json","2026-09-06","https://www.montessorifwb.com/admissions","","","",""
"private-private-A0102328","A0102328","Montessori School Of Pensacola","FL","Escambia","Pensacola","4100 MONTESSORI DR","32504","30.462766","-87.174468","private","false","","false","Nonsectarian","PK-8","","","","","2023-24","https://nces.ed.gov/surveys/pss/privateschoolsearch/school_detail.asp?Search=1&ID=A0102328","https://montessoripensacola.com/","/schools/montessori-school-of-pensacola","https://nces.ed.gov/surveys/pss/privateschoolsearch/school_detail.asp?Search=1&ID=A0102328","2023-24","https://nces.ed.gov/surveys/pss/privateschoolsearch/school_detail.asp?Search=1&ID=A0102328","https://nces.ed.gov/opengis/rest/services/K12_School_Locations/EDGE_GEOCODE_PRIVATESCH_2324/MapServer/0/query?where=%28STATE%3D%27FL%27+AND+CNTY+IN+%28%27033%27%2C%27113%27%2C%27091%27%29%29+OR+%28STATE%3D%27AL%27+AND+CNTY%3D%27003%27%29&outFields=*&returnGeometry=false&orderByFields=PPIN&f=json","2026-09-06","https://montessoripensacola.com/choose-msp/","","","",""
"private-private-BB220221","BB220221","Mother Clelia Morning Star High School","FL","Escambia","Pensacola","70 HUNTER AVE","32505","30.435551","-87.249855","private","false","","true","Roman Catholic","9-12","","","","","2023-24","https://nces.ed.gov/surveys/pss/privateschoolsearch/school_detail.asp?Search=1&ID=BB220221","https://mshspensacola.org/","/schools/mother-clelia-morning-star-high-school","https://nces.ed.gov/surveys/pss/privateschoolsearch/school_detail.asp?Search=1&ID=BB220221","2023-24","https://nces.ed.gov/surveys/pss/privateschoolsearch/school_detail.asp?Search=1&ID=BB220221","https://nces.ed.gov/opengis/rest/services/K12_School_Locations/EDGE_GEOCODE_PRIVATESCH_2324/MapServer/0/query?where=%28STATE%3D%27FL%27+AND+CNTY+IN+%28%27033%27%2C%27113%27%2C%27091%27%29%29+OR+%28STATE%3D%27AL%27+AND+CNTY%3D%27003%27%29&outFields=*&returnGeometry=false&orderByFields=PPIN&f=json","2026-09-06","https://mshspensacola.org/admissions","","","",""
"public-nces-120051000802","120051000802","Myrtle Grove Elementary School","FL","Escambia","Pensacola","6115 LILLIAN HWY","32506","30.42244","-87.29672","public","false","","","","PK-05","false","C","C","2025-26","2024-25","https://nces.ed.gov/ccd/schoolsearch/school_detail.asp?ID=120051000802","http://www.escambiaschools.org/","/schools/myrtle-grove-elementary-school","","","https://nces.ed.gov/ccd/schoolsearch/school_detail.asp?ID=120051000802","","","","","","",""
"public-nces-120051003581","120051003581","N. B. Cook Elementary School","FL","Escambia","Pensacola","1310 N 12TH AVE","32503","30.429083","-87.202753","public","false","true","","","KG-05","false","A","A","2025-26","2024-25","https://nces.ed.gov/ccd/schoolsearch/school_detail.asp?ID=120051003581","http://www.escambiaschools.org/","/schools/n-b-cook-elementary-school","","","https://nces.ed.gov/ccd/schoolsearch/school_detail.asp?ID=120051003581","","","","","","https://web09.fldoe.org/MagnetSchools/",""
"public-nces-120165003122","120165003122","Navarre High School","FL","Santa Rosa","Navarre","8600 HIGH SCHOOL BLVD","32566","30.423649","-86.86221","public","false","","","","09-12","false","A","A","2025-26","2024-25","https://nces.ed.gov/ccd/schoolsearch/school_detail.asp?ID=120165003122","http://www.santarosa.k12.fl.us/schools/nhs/","/schools/navarre-high-school","","","https://nces.ed.gov/ccd/schoolsearch/school_detail.asp?ID=120165003122","","","","","","",""
"public-nces-120051000803","120051000803","Navy Point Elementary School","FL","Escambia","Pensacola","1321 PATTON DR","32507","30.388825","-87.290341","public","false","","","","PK-05","false","B","B","2025-26","2024-25","https://nces.ed.gov/ccd/schoolsearch/school_detail.asp?ID=120051000803","http://www.escambiaschools.org/","/schools/navy-point-elementary-school","","","https://nces.ed.gov/ccd/schoolsearch/school_detail.asp?ID=120051000803","","","","","","",""
"public-nces-120138001333","120138001333","Niceville Senior High School","FL","Okaloosa","Niceville","800 JOHN SIMS PKWY E","32578","30.520409","-86.476631","public","false","","","","09-12","false","A","A","2025-26","2024-25","https://nces.ed.gov/ccd/schoolsearch/school_detail.asp?ID=120138001333","","/schools/niceville-senior-high-school","","","https://nces.ed.gov/ccd/schoolsearch/school_detail.asp?ID=120138001333","","","","","","",""
"public-nces-010027000664","010027000664","North Baldwin Center For Technology","AL","Baldwin","Bay Minette","505 Dr Martin Luther King Blvd","36507","30.86541","-87.78373","public","false","","","","09-12","false","","","2024-25","2024-25","https://nces.ed.gov/ccd/schoolsearch/school_detail.asp?ID=010027000664","http://www.nbctschool.com/","/schools/north-baldwin-center-for-technology","","","https://nces.ed.gov/ccd/schoolsearch/school_detail.asp?ID=010027000664","","","","","","",""
"public-nces-120051002995","120051002995","Northview High School","FL","Escambia","Century","4100 W HIGHWAY 4","32535","30.966914","-87.406771","public","false","","","","09-12","false","C","C","2025-26","2024-25","https://nces.ed.gov/ccd/schoolsearch/school_detail.asp?ID=120051002995","http://www.escambiaschools.org/","/schools/northview-high-school","","","https://nces.ed.gov/ccd/schoolsearch/school_detail.asp?ID=120051002995","","","","","","",""
"public-nces-120138003880","120138003880","Northwest Florida Ballet Academie","FL","Okaloosa","Fort Walton Beach","310 PERRY AVE SE","32548","30.403018","-86.604411","public","false","","","","03-08","false","A","A","2025-26","2024-25","https://nces.ed.gov/ccd/schoolsearch/school_detail.asp?ID=120138003880","","/schools/northwest-florida-ballet-academie","","","https://nces.ed.gov/ccd/schoolsearch/school_detail.asp?ID=120138003880","","","","","","",""
"public-nces-120138001334","120138001334","Northwood Elementary School","FL","Okaloosa","Crestview","501 4TH AVE","32536","30.769543","-86.570633","public","false","","","","PK-05","false","A","A","2025-26","2024-25","https://nces.ed.gov/ccd/schoolsearch/school_detail.asp?ID=120138001334","","/schools/northwood-elementary-school","","","https://nces.ed.gov/ccd/schoolsearch/school_detail.asp?ID=120138001334","","","","","","",""
"public-nces-120051000809","120051000809","O. J. Semmes Elementary School","FL","Escambia","Pensacola","1250 E TEXAR DR","32503","30.450532","-87.207381","public","false","","","","PK-05","false","C","C","2025-26","2024-25","https://nces.ed.gov/ccd/schoolsearch/school_detail.asp?ID=120051000809","http://www.escambiaschools.org/","/schools/o-j-semmes-elementary-school","","","https://nces.ed.gov/ccd/schoolsearch/school_detail.asp?ID=120051000809","","","","","","",""
"public-nces-120051000804","120051000804","Oakcrest Elementary School","FL","Escambia","Pensacola","1820 HOLLYWOOD AVE","32505","30.435219","-87.258115","public","false","","","","PK-05","false","C","C","2025-26","2024-25","https://nces.ed.gov/ccd/schoolsearch/school_detail.asp?ID=120051000804","http://www.escambiaschools.org/","/schools/oakcrest-elementary-school","","","https://nces.ed.gov/ccd/schoolsearch/school_detail.asp?ID=120051000804","","","","","","",""
"public-nces-120138003088","120138003088","Okaloosa Academy","FL","Okaloosa","Fort Walton Beach","720 LOVEJOY ROAD NW","32548","30.425105","-86.666123","public","true","","","","02-12","false","","","","2024-25","https://nces.ed.gov/ccd/schoolsearch/school_detail.asp?ID=120138003088","","/schools/okaloosa-academy","","","https://nces.ed.gov/ccd/schoolsearch/school_detail.asp?ID=120138003088","","","","","","",""
"public-nces-120138008315","120138008315","Okaloosa Online Non Franchised","FL","Okaloosa","Crestview","461 SCHOOL AVE","32536","","","public","false","","","","KG-12","true","","I","2025-26","2024-25","https://nces.ed.gov/ccd/schoolsearch/school_detail.asp?ID=120138008315","http://www.okaloosaschools.com/online","/schools/okaloosa-online-non-franchised","","","","","","","","","",""
"public-nces-120138003621","120138003621","Okaloosa Regional Detention","FL","Okaloosa","Crestview","4448 STRAIGHT LINE RD","32539","30.69897","-86.522251","public","false","","","","05-12","false","","","","2024-25","https://nces.ed.gov/ccd/schoolsearch/school_detail.asp?ID=120138003621","","/schools/okaloosa-regional-detention","","","https://nces.ed.gov/ccd/schoolsearch/school_detail.asp?ID=120138003621","","","","","","",""
"public-nces-120138008072","120138008072","Okaloosa Stemm Center","FL","Okaloosa","Valparaiso","379 EDGE AVE","32580","30.512405","-86.50243","public","false","true","","","06-08","false","A","A","2025-26","2024-25","https://nces.ed.gov/ccd/schoolsearch/school_detail.asp?ID=120138008072","","/schools/okaloosa-stemm-center","","","https://nces.ed.gov/ccd/schoolsearch/school_detail.asp?ID=120138008072","","","","","","https://web09.fldoe.org/MagnetSchools/",""
"public-nces-120138002443","120138002443","Okaloosa Technical College","FL","Okaloosa","Fort Walton Beach","1976 LEWIS TURNER BLVD","32547","30.468724","-86.615137","public","false","","","","06-12","false","","","","2024-25","https://nces.ed.gov/ccd/schoolsearch/school_detail.asp?ID=120138002443","","/schools/okaloosa-technical-college","","","https://nces.ed.gov/ccd/schoolsearch/school_detail.asp?ID=120138002443","","","","","","",""
"public-nces-120138007168","120138007168","Okaloosa Virtual Franchise","FL","Okaloosa","Fort Walton Beach","310 PERRY AVE SE","32548","","","public","false","","","","06-12","true","","","","2024-25","https://nces.ed.gov/ccd/schoolsearch/school_detail.asp?ID=120138007168","","/schools/okaloosa-virtual-franchise","","","","","","","","","",""
"public-nces-120138007675","120138007675","Okaloosa Virtual Instruction Program","FL","Okaloosa","Fort Walton Beach","120 LOWERY PL SE","32548","","","public","false","","","","KG-12","true","","","","2024-25","https://nces.ed.gov/ccd/schoolsearch/school_detail.asp?ID=120138007675","","/schools/okaloosa-virtual-instruction-program","","","","","","","","","",""
"public-nces-010358102554","010358102554","Orange Beach Elementary School","AL","Baldwin","Orange Beach","4900 S Wilson Blvd","36561","30.297043","-87.557752","public","false","","","","PK-06","false","A","A","2024-25","2024-25","https://nces.ed.gov/ccd/schoolsearch/school_detail.asp?ID=010358102554","","/schools/orange-beach-elementary-school","","","https://nces.ed.gov/ccd/schoolsearch/school_detail.asp?ID=010358102554","","","","","","",""
"public-nces-010358102555","010358102555","Orange Beach Middlehigh School","AL","Baldwin","Orange Beach","23908 Canal Road","36561","30.28955","-87.618274","public","false","","","","07-12","false","A","A","2024-25","2024-25","https://nces.ed.gov/ccd/schoolsearch/school_detail.asp?ID=010358102555","http://orangebeachboe.org/","/schools/orange-beach-middlehigh-school","","","https://nces.ed.gov/ccd/schoolsearch/school_detail.asp?ID=010358102555","","","","","","",""
"public-nces-120165002258","120165002258","Oriole Beach Elementary School","FL","Santa Rosa","Gulf Breeze","1260 ORIOLE BEACH RD","32563","30.383748","-87.094158","public","false","","","","PK-05","false","A","A","2025-26","2024-25","https://nces.ed.gov/ccd/schoolsearch/school_detail.asp?ID=120165002258","http://www.santarosa.k12.fl.us/schools/obe/","/schools/oriole-beach-elementary-school","","","https://nces.ed.gov/ccd/schoolsearch/school_detail.asp?ID=120165002258","","","","","","",""
"public-nces-120165001830","120165001830","Pace High School","FL","Santa Rosa","Pace","4065 NORRIS RD","32571","30.613355","-87.153456","public","false","","","","09-12","false","A","A","2025-26","2024-25","https://nces.ed.gov/ccd/schoolsearch/school_detail.asp?ID=120165001830","http://www.santarosa.k12.fl.us/schools/phs/","/schools/pace-high-school","","","https://nces.ed.gov/ccd/schoolsearch/school_detail.asp?ID=120165001830","","","","","","",""
"public-nces-120051003057","120051003057","Pace Program","FL","Escambia","Pensacola","1028 UNDERWOOD AVE","32504","30.483087","-87.199012","public","false","","","","06-12","false","","","","2024-25","https://nces.ed.gov/ccd/schoolsearch/school_detail.asp?ID=120051003057","http://www.escambiaschools.org/","/schools/pace-program","","","https://nces.ed.gov/ccd/schoolsearch/school_detail.asp?ID=120051003057","","","","","","",""
"public-nces-120165002097","120165002097","Pea Ridge Elementary School","FL","Santa Rosa","Pace","4775 SCHOOL LN","32571","30.608735","-87.112021","public","false","","","","PK-05","false","B","B","2025-26","2024-25","https://nces.ed.gov/ccd/schoolsearch/school_detail.asp?ID=120165002097","http://www.santarosa.k12.fl.us/schools/pre/","/schools/pea-ridge-elementary-school","","","https://nces.ed.gov/ccd/schoolsearch/school_detail.asp?ID=120165002097","","","","","","",""
"private-private-00266264","00266264","Pensacola Adventist Academy","FL","Escambia","Pensacola","8751 UNIVERSITY PKWY","32514","30.52277","-87.222151","private","false","","true","Seventh-Day Adventist","KG-8","","","","","2023-24","https://nces.ed.gov/surveys/pss/privateschoolsearch/school_detail.asp?Search=1&ID=00266264","https://paak-12.org/","/schools/pensacola-adventist-academy","https://nces.ed.gov/surveys/pss/privateschoolsearch/school_detail.asp?Search=1&ID=00266264","2023-24","https://nces.ed.gov/surveys/pss/privateschoolsearch/school_detail.asp?Search=1&ID=00266264","https://nces.ed.gov/opengis/rest/services/K12_School_Locations/EDGE_GEOCODE_PRIVATESCH_2324/MapServer/0/query?where=%28STATE%3D%27FL%27+AND+CNTY+IN+%28%27033%27%2C%27113%27%2C%27091%27%29%29+OR+%28STATE%3D%27AL%27+AND+CNTY%3D%27003%27%29&outFields=*&returnGeometry=false&orderByFields=PPIN&f=json","2026-09-06","https://paak-12.org/current-academic-year/","","","",""
"public-nces-120051003848","120051003848","Pensacola Beach Elementary School, Inc","FL","Escambia","Pensacola Beach","900 VIA DELUNA DR","32561","30.337333","-87.115138","public","true","","","","KG-05","false","A","A","2025-26","2024-25","https://nces.ed.gov/ccd/schoolsearch/school_detail.asp?ID=120051003848","http://www.escambiaschools.org/","/schools/pensacola-beach-elementary-school","","","https://nces.ed.gov/ccd/schoolsearch/school_detail.asp?ID=120051003848","","","","","","",""
"private-private-00258322","00258322","Pensacola Catholic High School","FL","Escambia","Pensacola","3043 W SCOTT ST","32505","30.437611","-87.250746","private","false","","true","Roman Catholic","9-12","","","","","2023-24","https://nces.ed.gov/surveys/pss/privateschoolsearch/school_detail.asp?Search=1&ID=00258322","https://pensacolachs.org/","/schools/pensacola-catholic-high-school","https://nces.ed.gov/surveys/pss/privateschoolsearch/school_detail.asp?Search=1&ID=00258322","2023-24","https://nces.ed.gov/surveys/pss/privateschoolsearch/school_detail.asp?Search=1&ID=00258322","https://nces.ed.gov/opengis/rest/services/K12_School_Locations/EDGE_GEOCODE_PRIVATESCH_2324/MapServer/0/query?where=%28STATE%3D%27FL%27+AND+CNTY+IN+%28%27033%27%2C%27113%27%2C%27091%27%29%29+OR+%28STATE%3D%27AL%27+AND+CNTY%3D%27003%27%29&outFields=*&returnGeometry=false&orderByFields=PPIN&f=json","2026-09-06","https://ptdiocese.org/schoolfinder","","","",""
"private-official-pensacola-christian-academy","","Pensacola Christian Academy","FL","Escambia","Pensacola","10 Brent Lane","32503","30.466842260457","-87.242165115525","private","false","","true","Christian","PK-12","false","","","","2026","https://www.pensacolachristianacademy.com/","https://www.pensacolachristianacademy.com/","/schools/pensacola-christian-academy","https://www.pensacolachristianacademy.com/about/","2026","https://www.pensacolachristianacademy.com/","https://geocoding.geo.census.gov/geocoder/locations/onelineaddress?address=10+Brent+Lane+Pensacola+FL+32503&benchmark=Public_AR_Current&format=json","2026-09-06","https://www.pensacolachristianacademy.com/","Approximate address point from the Census geocoder; confirm the campus entrance with the school.","","",""
"public-nces-120051000805","120051000805","Pensacola High School","FL","Escambia","Pensacola","500 W MAXWELL ST","32501","30.434801","-87.224794","public","false","true","","","09-12","false","C","C","2025-26","2024-25","https://nces.ed.gov/ccd/schoolsearch/school_detail.asp?ID=120051000805","http://www.escambiaschools.org/","/schools/pensacola-high-school","","","https://nces.ed.gov/ccd/schoolsearch/school_detail.asp?ID=120051000805","","","","","International Baccalaureate","https://brown-bargems.escambiaschools.org/student-family-resources/transportation","2026-27"
"private-private-BB200503","BB200503","Pensacola Private School Of Liberal Arts","FL","Escambia","Pensacola","301 E GADSEN ST","32501","30.420886","-87.212911","private","false","","false","Nonsectarian","9-9","","","","","2023-24","https://nces.ed.gov/surveys/pss/privateschoolsearch/school_detail.asp?Search=1&ID=BB200503","https://pensacolasola.org/","/schools/pensacola-private-school-of-liberal-arts","https://nces.ed.gov/surveys/pss/privateschoolsearch/school_detail.asp?Search=1&ID=BB200503","2023-24","https://nces.ed.gov/surveys/pss/privateschoolsearch/school_detail.asp?Search=1&ID=BB200503","https://nces.ed.gov/opengis/rest/services/K12_School_Locations/EDGE_GEOCODE_PRIVATESCH_2324/MapServer/0/query?where=%28STATE%3D%27FL%27+AND+CNTY+IN+%28%27033%27%2C%27113%27%2C%27091%27%29%29+OR+%28STATE%3D%27AL%27+AND+CNTY%3D%27003%27%29&outFields=*&returnGeometry=false&orderByFields=PPIN&f=json","2026-09-06","https://pensacolasola.org/admissions","","","",""
"public-nces-120051010638","120051010638","Pensacola State College Charter Academy","FL","Escambia","Pensacola","1000 College Boulevard, Building 11","32504","30.480091553217","-87.203352723374","public","true","","","","09-12","false","A","A","2025-26","2024-25","https://nces.ed.gov/ccd/schoolsearch/school_detail.asp?ID=120051010638","http://www.escambiaschools.org/","/schools/pensacola-state-college-charter-academy","","","https://charteracademy.pensacolastate.edu/application-process/","https://geocoding.geo.census.gov/geocoder/locations/onelineaddress?address=1000%20College%20Boulevard%20Pensacola%20FL%2032504&benchmark=Public_AR_Current&format=json","2026-09-06","https://charteracademy.pensacolastate.edu/application-process/","The academy moved to Pensacola State College's Pensacola Campus, Building 11, beginning fall 2025. This pin is an approximate Census street-address point for 1000 College Boulevard, not the building entrance. Confirm Building 11 access with the school. Campus information checked September 6, 2026.","","",""
"private-private-02019042","02019042","Pensocola Mennonite Christian School","FL","Escambia","Pensacola","8261 EIGHT MILE CREEK RD","32526","30.51397","-87.324161","private","false","","true","Mennonite","1-11","","","","","2023-24","https://nces.ed.gov/surveys/pss/privateschoolsearch/school_detail.asp?Search=1&ID=02019042","","/schools/pensocola-mennonite-christian-school","https://nces.ed.gov/surveys/pss/privateschoolsearch/school_detail.asp?Search=1&ID=02019042","2023-24","https://nces.ed.gov/surveys/pss/privateschoolsearch/school_detail.asp?Search=1&ID=02019042","https://nces.ed.gov/opengis/rest/services/K12_School_Locations/EDGE_GEOCODE_PRIVATESCH_2324/MapServer/0/query?where=%28STATE%3D%27FL%27+AND+CNTY+IN+%28%27033%27%2C%27113%27%2C%27091%27%29%29+OR+%28STATE%3D%27AL%27+AND+CNTY%3D%27003%27%29&outFields=*&returnGeometry=false&orderByFields=PPIN&f=json","2026-09-06","https://nces.ed.gov/surveys/pss/privateschoolsearch/school_detail.asp?ID=02019042&Miles=10&Search=1&Zip=32560","","","",""
"public-nces-010027000062","010027000062","Perdido Elementary School","AL","Baldwin","Perdido","23589 County Road 47","36562","31.00521","-87.622619","public","false","","","","PK-08","false","B","B","2024-25","2024-25","https://nces.ed.gov/ccd/schoolsearch/school_detail.asp?ID=010027000062","http://www.perdidoschool.com/","/schools/perdido-elementary-school","","","https://nces.ed.gov/ccd/schoolsearch/school_detail.asp?ID=010027000062","","","","","","",""
"private-private-A1901340","A1901340","Personalized Learning Kingdom Academy","FL","Escambia","Pensacola","6675 Pine Forest Road Suite 8","32526","30.475384409539","-87.306886579114","private","false","","true","Christian (no specific denomination)","PK-12","","","","","2023-24","https://nces.ed.gov/surveys/pss/privateschoolsearch/school_detail.asp?Search=1&ID=A1901340","https://www.personalizedlearningka.org/","/schools/personalized-learning-kingdom-academy","https://nces.ed.gov/surveys/pss/privateschoolsearch/school_detail.asp?Search=1&ID=A1901340","2023-24","https://www.personalizedlearningka.org/","https://geocoding.geo.census.gov/geocoder/locations/onelineaddress?address=6675+Pine+Forest+Road+Suite+8+Pensacola+FL+32526&benchmark=Public_AR_Current&format=json","2026-09-06","https://www.personalizedlearningka.org/","Current school-published address, with an approximate Census address point. Confirm the campus entrance with the school.","","",""
"private-private-A1701123","A1701123","Phoenix Learning Academy Inc.","FL","Escambia","Pensacola","9608 N PALAFOX ST","32534","30.53737","-87.275381","private","false","","false","Nonsectarian","3-12","","","","","2023-24","https://nces.ed.gov/surveys/pss/privateschoolsearch/school_detail.asp?Search=1&ID=A1701123","https://www.phoenixlearningacademy.org/","/schools/phoenix-learning-academy-inc","https://nces.ed.gov/surveys/pss/privateschoolsearch/school_detail.asp?Search=1&ID=A1701123","2023-24","https://nces.ed.gov/surveys/pss/privateschoolsearch/school_detail.asp?Search=1&ID=A1701123","https://nces.ed.gov/opengis/rest/services/K12_School_Locations/EDGE_GEOCODE_PRIVATESCH_2324/MapServer/0/query?where=%28STATE%3D%27FL%27+AND+CNTY+IN+%28%27033%27%2C%27113%27%2C%27091%27%29%29+OR+%28STATE%3D%27AL%27+AND+CNTY%3D%27003%27%29&outFields=*&returnGeometry=false&orderByFields=PPIN&f=json","2026-09-06","https://www.phoenixlearningacademy.org/admissions","","","",""
"public-nces-120051000837","120051000837","Pine Forest High School","FL","Escambia","Pensacola","2500 LONGLEAF DR","32526","30.488072","-87.295118","public","false","","","","09-12","false","C","C","2025-26","2024-25","https://nces.ed.gov/ccd/schoolsearch/school_detail.asp?ID=120051000837","http://www.escambiaschools.org/","/schools/pine-forest-high-school","","","https://nces.ed.gov/ccd/schoolsearch/school_detail.asp?ID=120051000837","","","","","","",""
"public-nces-010027001715","010027001715","Pine Grove Elementary School","AL","Baldwin","Bay Minette","43980 Pine Grove Rd","36507","30.865438","-87.749833","public","false","","","","PK-06","false","B","B","2024-25","2024-25","https://nces.ed.gov/ccd/schoolsearch/school_detail.asp?ID=010027001715","http://www.pgelementary.com/","/schools/pine-grove-elementary-school","","","https://nces.ed.gov/ccd/schoolsearch/school_detail.asp?ID=010027001715","","","","","","",""
"public-nces-120051000806","120051000806","Pine Meadow Elementary School","FL","Escambia","Pensacola","10001 OMAR AVE","32534","30.542998","-87.285304","public","false","","","","PK-05","false","A","A","2025-26","2024-25","https://nces.ed.gov/ccd/schoolsearch/school_detail.asp?ID=120051000806","http://www.escambiaschools.org/","/schools/pine-meadow-elementary-school","","","https://nces.ed.gov/ccd/schoolsearch/school_detail.asp?ID=120051000806","","","","","","",""
"public-nces-120051000807","120051000807","Pleasant Grove Elementary School","FL","Escambia","Pensacola","10789 SORRENTO RD","32507","30.354432","-87.364524","public","false","","","","PK-05","false","A","A","2025-26","2024-25","https://nces.ed.gov/ccd/schoolsearch/school_detail.asp?ID=120051000807","http://www.escambiaschools.org/","/schools/pleasant-grove-elementary-school","","","https://nces.ed.gov/ccd/schoolsearch/school_detail.asp?ID=120051000807","","","","","","",""
"private-private-A1370429","A1370429","Precious Lil' Angels Learning Center Inc","FL","Escambia","Pensacola","6119 W JACKSON ST","32506","30.41665","-87.297001","private","false","","","Other","1-5","","","","","2023-24","https://nces.ed.gov/surveys/pss/privateschoolsearch/school_detail.asp?Search=1&ID=A1370429","","/schools/precious-lil-angels-learning-center-inc","https://nces.ed.gov/surveys/pss/privateschoolsearch/school_detail.asp?Search=1&ID=A1370429","2023-24","https://nces.ed.gov/surveys/pss/privateschoolsearch/school_detail.asp?Search=1&ID=A1370429","https://nces.ed.gov/opengis/rest/services/K12_School_Locations/EDGE_GEOCODE_PRIVATESCH_2324/MapServer/0/query?where=%28STATE%3D%27FL%27+AND+CNTY+IN+%28%27033%27%2C%27113%27%2C%27091%27%29%29+OR+%28STATE%3D%27AL%27+AND+CNTY%3D%27003%27%29&outFields=*&returnGeometry=false&orderByFields=PPIN&f=json","2026-09-06","https://nces.ed.gov/surveys/pss/privateschoolsearch/school_detail.asp?Search=1&ID=A1370429","","","",""
"public-nces-120051000439","120051000439","R. C. Lipscomb Elementary School","FL","Escambia","Pensacola","10200 ASHTON BROSNAHAM RD","32534","30.555699","-87.268939","public","false","","","","PK-05","false","A","A","2025-26","2024-25","https://nces.ed.gov/ccd/schoolsearch/school_detail.asp?ID=120051000439","http://www.escambiaschools.org/","/schools/r-c-lipscomb-elementary-school","","","https://nces.ed.gov/ccd/schoolsearch/school_detail.asp?ID=120051000439","","","","","","",""
"public-nces-120165002257","120165002257","Radford M Locklin Technical College","FL","Santa Rosa","Milton","5330 BERRYHILL RD","32570","30.648009","-87.099766","public","false","","","","09-12","false","","","","2024-25","https://nces.ed.gov/ccd/schoolsearch/school_detail.asp?ID=120165002257","http://www.locklintech.com/","/schools/radford-m-locklin-technical-college","","","https://nces.ed.gov/ccd/schoolsearch/school_detail.asp?ID=120165002257","","","","","","",""
"public-nces-120051002600","120051002600","Ransom Middle School","FL","Escambia","Cantonment","1000 W KINGSFIELD RD","32533","30.580429","-87.342628","public","false","","","","06-08","false","A","A","2025-26","2024-25","https://nces.ed.gov/ccd/schoolsearch/school_detail.asp?ID=120051002600","http://www.escambiaschools.org/","/schools/ransom-middle-school","","","https://nces.ed.gov/ccd/schoolsearch/school_detail.asp?ID=120051002600","","","","","","",""
"private-private-00260218","00260218","Redeemer Lutheran School","FL","Escambia","Pensacola","333 COMMERCE ST","32507","30.38614","-87.273031","private","false","","true","Lutheran Church - Missouri Synod","PK-8","","","","","2023-24","https://nces.ed.gov/surveys/pss/privateschoolsearch/school_detail.asp?Search=1&ID=00260218","https://www.redeemerschoolpensacola.org/","/schools/redeemer-lutheran-school","https://nces.ed.gov/surveys/pss/privateschoolsearch/school_detail.asp?Search=1&ID=00260218","2023-24","https://nces.ed.gov/surveys/pss/privateschoolsearch/school_detail.asp?Search=1&ID=00260218","https://nces.ed.gov/opengis/rest/services/K12_School_Locations/EDGE_GEOCODE_PRIVATESCH_2324/MapServer/0/query?where=%28STATE%3D%27FL%27+AND+CNTY+IN+%28%27033%27%2C%27113%27%2C%27091%27%29%29+OR+%28STATE%3D%27AL%27+AND+CNTY%3D%27003%27%29&outFields=*&returnGeometry=false&orderByFields=PPIN&f=json","2026-09-06","https://www.redeemerschoolpensacola.org/Admissions","","","",""
"public-nces-120051000820","120051000820","Reinhardt Holm Elementary School","FL","Escambia","Pensacola","6101 LANIER DR","32504","30.485884","-87.206641","public","false","","","","PK-05","false","B","B","2025-26","2024-25","https://nces.ed.gov/ccd/schoolsearch/school_detail.asp?ID=120051000820","http://www.escambiaschools.org/","/schools/reinhardt-holm-elementary-school","","","https://nces.ed.gov/ccd/schoolsearch/school_detail.asp?ID=120051000820","","","","","","",""
"public-nces-120138007622","120138007622","Richbourg School","FL","Okaloosa","Crestview","500 ALABAMA ST","32536","30.770483","-86.569415","public","false","","","","PK-12","false","","","","2024-25","https://nces.ed.gov/ccd/schoolsearch/school_detail.asp?ID=120138007622","","/schools/richbourg-school","","","https://nces.ed.gov/ccd/schoolsearch/school_detail.asp?ID=120138007622","","","","","","",""
"public-nces-120138001337","120138001337","Riverside Elementary School","FL","Okaloosa","Crestview","3400 E REDSTONE AVE","32539","30.736665","-86.536382","public","false","","","","PK-05","false","A","A","2025-26","2024-25","https://nces.ed.gov/ccd/schoolsearch/school_detail.asp?ID=120138001337","","/schools/riverside-elementary-school","","","https://nces.ed.gov/ccd/schoolsearch/school_detail.asp?ID=120138001337","","","","","","",""
"public-nces-010027001716","010027001716","Robertsdale Elementary School","AL","Baldwin","Robertsdale","1 Cub Drive","36567","30.55215","-87.696915","public","false","","","","PK-06","false","B","B","2024-25","2024-25","https://nces.ed.gov/ccd/schoolsearch/school_detail.asp?ID=010027001716","http://www.robertsdaleelementary.com/","/schools/robertsdale-elementary-school","","","https://nces.ed.gov/ccd/schoolsearch/school_detail.asp?ID=010027001716","","","","","","",""
"public-nces-010027000024","010027000024","Robertsdale High School","AL","Baldwin","Robertsdale","21630 Highway 59 South","36567","30.540413","-87.706485","public","false","","","","09-12","false","B","B","2024-25","2024-25","https://nces.ed.gov/ccd/schoolsearch/school_detail.asp?ID=010027000024","http://www.robertsdalehigh.com/","/schools/robertsdale-high-school","","","https://nces.ed.gov/ccd/schoolsearch/school_detail.asp?ID=010027000024","","","","","","",""
"public-nces-010027000550","010027000550","Rockwell Elementary School","AL","Baldwin","Spanish Fort","10183 US Highway 31","36527","30.677872","-87.847824","public","false","","","","PK-06","false","A","A","2024-25","2024-25","https://nces.ed.gov/ccd/schoolsearch/school_detail.asp?ID=010027000550","http://rockwellelem.org/","/schools/rockwell-elementary-school","","","https://nces.ed.gov/ccd/schoolsearch/school_detail.asp?ID=010027000550","","","","","","",""
"private-private-A1901356","A1901356","Rocky Bayou Christian School","FL","Okaloosa","Niceville","2101 PARTIN DR N","32578","30.527091","-86.462159","private","false","","true","Christian (no specific denomination)","PK-12","","","","","2023-24","https://nces.ed.gov/surveys/pss/privateschoolsearch/school_detail.asp?Search=1&ID=A1901356","https://rbcs.org/about-rbcs/campuses/niceville-campus/","/schools/rocky-bayou-christian-school","https://nces.ed.gov/surveys/pss/privateschoolsearch/school_detail.asp?Search=1&ID=A1901356","2023-24","https://nces.ed.gov/surveys/pss/privateschoolsearch/school_detail.asp?Search=1&ID=A1901356","https://nces.ed.gov/opengis/rest/services/K12_School_Locations/EDGE_GEOCODE_PRIVATESCH_2324/MapServer/0/query?where=%28STATE%3D%27FL%27+AND+CNTY+IN+%28%27033%27%2C%27113%27%2C%27091%27%29%29+OR+%28STATE%3D%27AL%27+AND+CNTY%3D%27003%27%29&outFields=*&returnGeometry=false&orderByFields=PPIN&f=json","2026-09-06","https://rbcs.org/about-rbcs/campuses/niceville-campus/","This is the Niceville Partin Drive campus. The Keep and Crestview have separate campus pages and addresses; confirm the campus for the student's program.","","",""
"private-private-00260819","00260819","Rocky Bayou Christian School - Crestview, Fl","FL","Okaloosa","Crestview","951 S FERDON BLVD","32536","30.750696","-86.562522","private","false","","true","Christian (no specific denomination)","KG-5","","","","","2023-24","https://nces.ed.gov/surveys/pss/privateschoolsearch/school_detail.asp?Search=1&ID=00260819","https://rbcs.org/about-rbcs/campuses/crestview-campus/","/schools/rocky-bayou-christian-school-crestview-fl","https://nces.ed.gov/surveys/pss/privateschoolsearch/school_detail.asp?Search=1&ID=00260819","2023-24","https://nces.ed.gov/surveys/pss/privateschoolsearch/school_detail.asp?Search=1&ID=00260819","https://nces.ed.gov/opengis/rest/services/K12_School_Locations/EDGE_GEOCODE_PRIVATESCH_2324/MapServer/0/query?where=%28STATE%3D%27FL%27+AND+CNTY+IN+%28%27033%27%2C%27113%27%2C%27091%27%29%29+OR+%28STATE%3D%27AL%27+AND+CNTY%3D%27003%27%29&outFields=*&returnGeometry=false&orderByFields=PPIN&f=json","2026-09-06","https://rbcs.org/about-rbcs/campuses/crestview-campus/","NCES records 00260819 and A2300878 share this Crestview address. They link to the same verified campus and do not establish two separate physical campuses.","","",""
"private-private-A2300878","A2300878","Rocky Bayou Christian School Crestview","FL","Okaloosa","Crestview","951 S FERDON BLVD","32536","30.750696","-86.562522","private","false","","true","Christian (no specific denomination)","KG-5","","","","","2023-24","https://nces.ed.gov/surveys/pss/privateschoolsearch/school_detail.asp?Search=1&ID=A2300878","https://rbcs.org/about-rbcs/campuses/crestview-campus/","/schools/rocky-bayou-christian-school-crestview-fl","https://nces.ed.gov/surveys/pss/privateschoolsearch/school_detail.asp?Search=1&ID=A2300878","2023-24","https://nces.ed.gov/surveys/pss/privateschoolsearch/school_detail.asp?Search=1&ID=A2300878","https://nces.ed.gov/opengis/rest/services/K12_School_Locations/EDGE_GEOCODE_PRIVATESCH_2324/MapServer/0/query?where=%28STATE%3D%27FL%27+AND+CNTY+IN+%28%27033%27%2C%27113%27%2C%27091%27%29%29+OR+%28STATE%3D%27AL%27+AND+CNTY%3D%27003%27%29&outFields=*&returnGeometry=false&orderByFields=PPIN&f=json","2026-09-06","https://rbcs.org/about-rbcs/campuses/crestview-campus/","NCES records 00260819 and A2300878 share this Crestview address. They link to the same verified campus and do not establish two separate physical campuses.","","",""
"private-private-A2300879","A2300879","Rocky Bayou Christian School, The Keep","FL","Okaloosa","Niceville","1000 37TH ST","32578","30.522942","-86.471703","private","false","","true","Christian (no specific denomination)","6-8","","","","","2023-24","https://nces.ed.gov/surveys/pss/privateschoolsearch/school_detail.asp?Search=1&ID=A2300879","https://rbcs.org/about-rbcs/campuses/the-keep/","/schools/rocky-bayou-christian-school-the-keep","https://nces.ed.gov/surveys/pss/privateschoolsearch/school_detail.asp?Search=1&ID=A2300879","2023-24","https://nces.ed.gov/surveys/pss/privateschoolsearch/school_detail.asp?Search=1&ID=A2300879","https://nces.ed.gov/opengis/rest/services/K12_School_Locations/EDGE_GEOCODE_PRIVATESCH_2324/MapServer/0/query?where=%28STATE%3D%27FL%27+AND+CNTY+IN+%28%27033%27%2C%27113%27%2C%27091%27%29%29+OR+%28STATE%3D%27AL%27+AND+CNTY%3D%27003%27%29&outFields=*&returnGeometry=false&orderByFields=PPIN&f=json","2026-09-06","https://rbcs.org/about-rbcs/campuses/the-keep/","The Keep is a separate Niceville campus from the Partin Drive site. Confirm the campus for the student's program.","","",""
"public-nces-010027000065","010027000065","Rosinton School","AL","Baldwin","Robertsdale","19757 County Road 64","36567","30.6194","-87.6863","public","false","","","","PK-06","false","A","A","2024-25","2024-25","https://nces.ed.gov/ccd/schoolsearch/school_detail.asp?ID=010027000065","http://www.rosinton.com/","/schools/rosinton-school","","","https://nces.ed.gov/ccd/schoolsearch/school_detail.asp?ID=010027000065","","","","","","",""
"public-nces-120165002959","120165002959","S. S. Dixon Intermediate School","FL","Santa Rosa","Pace","5540 EDUCATION DR","32571","30.63787","-87.165596","public","false","","","","03-05","false","B","B","2025-26","2024-25","https://nces.ed.gov/ccd/schoolsearch/school_detail.asp?ID=120165002959","http://www.santarosa.k12.fl.us/schools/ssdi/","/schools/s-s-dixon-intermediate-school","","","https://nces.ed.gov/ccd/schoolsearch/school_detail.asp?ID=120165002959","","","","","","",""
"public-nces-120165001828","120165001828","S. S. Dixon Primary School","FL","Santa Rosa","Pace","4560 PACE PATRIOT BLVD","32571","30.603095","-87.153888","public","false","","","","PK-02","false","","","","2024-25","https://nces.ed.gov/ccd/schoolsearch/school_detail.asp?ID=120165001828","http://www.santarosa.k12.fl.us/schools/ssdp/","/schools/s-s-dixon-primary-school","","","https://nces.ed.gov/ccd/schoolsearch/school_detail.asp?ID=120165001828","","","","","","",""
"private-private-00258286","00258286","Sacred Heart Cathedral School","FL","Escambia","Pensacola","1603 N 12TH AVE","32503","30.431666","-87.204802","private","false","","true","Roman Catholic","PK-8","","","","","2023-24","https://nces.ed.gov/surveys/pss/privateschoolsearch/school_detail.asp?Search=1&ID=00258286","https://www.shcs.ptdiocese.org/","/schools/sacred-heart-cathedral-school","https://nces.ed.gov/surveys/pss/privateschoolsearch/school_detail.asp?Search=1&ID=00258286","2023-24","https://nces.ed.gov/surveys/pss/privateschoolsearch/school_detail.asp?Search=1&ID=00258286","https://nces.ed.gov/opengis/rest/services/K12_School_Locations/EDGE_GEOCODE_PRIVATESCH_2324/MapServer/0/query?where=%28STATE%3D%27FL%27+AND+CNTY+IN+%28%27033%27%2C%27113%27%2C%27091%27%29%29+OR+%28STATE%3D%27AL%27+AND+CNTY%3D%27003%27%29&outFields=*&returnGeometry=false&orderByFields=PPIN&f=json","2026-09-06","https://www.shcs.ptdiocese.org/admission","","","",""
"private-private-00264336","00264336","Santa Rosa Christian School","FL","Santa Rosa","Milton","6331 CHESTNUT ST","32570","30.64191","-87.058731","private","false","","true","Christian (no specific denomination)","PK-12","","","","","2023-24","https://nces.ed.gov/surveys/pss/privateschoolsearch/school_detail.asp?Search=1&ID=00264336","https://www.santarosachristianschool.com/","/schools/santa-rosa-christian-school","https://nces.ed.gov/surveys/pss/privateschoolsearch/school_detail.asp?Search=1&ID=00264336","2023-24","https://nces.ed.gov/surveys/pss/privateschoolsearch/school_detail.asp?Search=1&ID=00264336","https://nces.ed.gov/opengis/rest/services/K12_School_Locations/EDGE_GEOCODE_PRIVATESCH_2324/MapServer/0/query?where=%28STATE%3D%27FL%27+AND+CNTY+IN+%28%27033%27%2C%27113%27%2C%27091%27%29%29+OR+%28STATE%3D%27AL%27+AND+CNTY%3D%27003%27%29&outFields=*&returnGeometry=false&orderByFields=PPIN&f=json","2026-09-06","https://www.santarosachristianschool.com/admissions","","","",""
"public-nces-120165002408","120165002408","Santa Rosa High School","FL","Santa Rosa","Milton","5332 BERRYHILL RD","32570","30.647211","-87.099237","public","false","","","","09-12","false","","","","2024-25","https://nces.ed.gov/ccd/schoolsearch/school_detail.asp?ID=120165002408","http://www.santarosa.k12.fl.us/schools/sras/","/schools/santa-rosa-high-school","","","https://nces.ed.gov/ccd/schoolsearch/school_detail.asp?ID=120165002408","","","","","","",""
"public-nces-120165007684","120165007684","Santa Rosa Virtual Franchise","FL","Santa Rosa","Milton","6556 FIREHOUSE RD","32570","","","public","false","","","","KG-12","true","B","B","2025-26","2024-25","https://nces.ed.gov/ccd/schoolsearch/school_detail.asp?ID=120165007684","http://www.santarosa.k12.fl.us/","/schools/santa-rosa-virtual-franchise","","","","","2026-09-06","https://www.santarosaschools.org/live_feeds/12620247","Santa Rosa Online's published full-time program serves grades 3 through 12 for 2026-27; the kindergarten-through-12 span is from the 2024-25 NCES virtual-franchise record. Confirm full-time or individual-course eligibility with the school. The listed address is an administrative contact location, so no daily-attendance campus pin is shown. School information checked September 6, 2026.","","",""
"public-nces-120051000808","120051000808","Scenic Heights Elementary School","FL","Escambia","Pensacola","3801 CHERRY LAUREL DR","32504","30.489201","-87.177347","public","false","","","","KG-05","false","A","A","2025-26","2024-25","https://nces.ed.gov/ccd/schoolsearch/school_detail.asp?ID=120051000808","http://www.escambiaschools.org/","/schools/scenic-heights-elementary-school","","","https://nces.ed.gov/ccd/schoolsearch/school_detail.asp?ID=120051000808","","","","","","",""
"public-nces-120138001341","120138001341","Shalimar Elementary School","FL","Okaloosa","Shalimar","1350 JOE MARTIN CIR","32579","30.449602","-86.574939","public","false","","","","PK-05","false","C","C","2025-26","2024-25","https://nces.ed.gov/ccd/schoolsearch/school_detail.asp?ID=120138001341","","/schools/shalimar-elementary-school","","","https://nces.ed.gov/ccd/schoolsearch/school_detail.asp?ID=120138001341","","","","","","",""
"public-nces-120051000810","120051000810","Sherwood Elementary School","FL","Escambia","Pensacola","501 CHEROKEE TRL","32506","30.435884","-87.290536","public","false","","","","PK-05","false","C","C","2025-26","2024-25","https://nces.ed.gov/ccd/schoolsearch/school_detail.asp?ID=120051000810","http://www.escambiaschools.org/","/schools/sherwood-elementary-school","","","https://nces.ed.gov/ccd/schoolsearch/school_detail.asp?ID=120051000810","","","","","","",""
"public-nces-120138001325","120138001325","Shoal River Middle School","FL","Okaloosa","Crestview","3200 E REDSTONE AVE","32539","30.737096","-86.5385","public","false","","","","06-08","false","A","A","2025-26","2024-25","https://nces.ed.gov/ccd/schoolsearch/school_detail.asp?ID=120138001325","","/schools/shoal-river-middle-school","","","https://nces.ed.gov/ccd/schoolsearch/school_detail.asp?ID=120138001325","","","","","","",""
"public-nces-120138001336","120138001336","Silver Sands-Excep. Children","FL","Okaloosa","Fort Walton Beach","349 HOLMES BLVD NW","32548","30.420972","-86.638525","public","false","","","","PK-12","false","","","","2024-25","https://nces.ed.gov/ccd/schoolsearch/school_detail.asp?ID=120138001336","","/schools/silver-sands-excep-children","","","https://nces.ed.gov/ccd/schoolsearch/school_detail.asp?ID=120138001336","","","","","","",""
"public-nces-010027000066","010027000066","Silverhill School","AL","Baldwin","Silverhill","15800 4th Ave","36576","30.543131","-87.754024","public","false","","","","PK-06","false","B","B","2024-25","2024-25","https://nces.ed.gov/ccd/schoolsearch/school_detail.asp?ID=010027000066","http://www.silverhillelementary.com/","/schools/silverhill-school","","","https://nces.ed.gov/ccd/schoolsearch/school_detail.asp?ID=010027000066","","","","","","",""
"private-private-A0301074","A0301074","Sl Jones Christian Academy","FL","Escambia","Pensacola","100 BOEING ST","32507","30.406992","-87.2693","private","false","","true","Christian (no specific denomination)","PK-12","","","","","2023-24","https://nces.ed.gov/surveys/pss/privateschoolsearch/school_detail.asp?Search=1&ID=A0301074","","/schools/sl-jones-christian-academy","https://nces.ed.gov/surveys/pss/privateschoolsearch/school_detail.asp?Search=1&ID=A0301074","2023-24","https://nces.ed.gov/surveys/pss/privateschoolsearch/school_detail.asp?Search=1&ID=A0301074","https://nces.ed.gov/opengis/rest/services/K12_School_Locations/EDGE_GEOCODE_PRIVATESCH_2324/MapServer/0/query?where=%28STATE%3D%27FL%27+AND+CNTY+IN+%28%27033%27%2C%27113%27%2C%27091%27%29%29+OR+%28STATE%3D%27AL%27+AND+CNTY%3D%27003%27%29&outFields=*&returnGeometry=false&orderByFields=PPIN&f=json","2026-09-06","https://nces.ed.gov/surveys/pss/privateschoolsearch/school_detail.asp?Search=1&ID=A0301074","","","",""
"private-private-A2100110","A2100110","Snook Christian Academy","AL","Baldwin","Foley","18930 COUNTY ROAD 28","36535","30.457134","-87.70086","private","false","","true","Church of Christ","PK-12","","","","","2023-24","https://nces.ed.gov/surveys/pss/privateschoolsearch/school_detail.asp?Search=1&ID=A2100110","https://www.snookchristian.org/home","/schools/snook-christian-academy","https://nces.ed.gov/surveys/pss/privateschoolsearch/school_detail.asp?Search=1&ID=A2100110","2023-24","https://nces.ed.gov/surveys/pss/privateschoolsearch/school_detail.asp?Search=1&ID=A2100110","https://nces.ed.gov/opengis/rest/services/K12_School_Locations/EDGE_GEOCODE_PRIVATESCH_2324/MapServer/0/query?where=%28STATE%3D%27FL%27+AND+CNTY+IN+%28%27033%27%2C%27113%27%2C%27091%27%29%29+OR+%28STATE%3D%27AL%27+AND+CNTY%3D%27003%27%29&outFields=*&returnGeometry=false&orderByFields=PPIN&f=json","2026-09-06","https://www.snookchristian.org/home","","","",""
"public-nces-010027000665","010027000665","South Baldwin Center For Technology","AL","Baldwin","Robertsdale","19200 Carolina Street","36567","30.5495","-87.6962","public","false","","","","09-12","false","","","2024-25","2024-25","https://nces.ed.gov/ccd/schoolsearch/school_detail.asp?ID=010027000665","http://www.sbctschool.com/","/schools/south-baldwin-center-for-technology","","","https://nces.ed.gov/ccd/schoolsearch/school_detail.asp?ID=010027000665","","","","","","",""
"private-private-A1170018","A1170018","South Baldwin Christian Academy","AL","Baldwin","Gulf Shores","6900 STATE HIGHWAY 59","36542","30.32514","-87.681807","private","false","","true","Christian (no specific denomination)","PK-12","","","","","2023-24","https://nces.ed.gov/surveys/pss/privateschoolsearch/school_detail.asp?Search=1&ID=A1170018","https://www.southbaldwinca.org/","/schools/south-baldwin-christian-academy","https://nces.ed.gov/surveys/pss/privateschoolsearch/school_detail.asp?Search=1&ID=A1170018","2023-24","https://nces.ed.gov/surveys/pss/privateschoolsearch/school_detail.asp?Search=1&ID=A1170018","https://nces.ed.gov/opengis/rest/services/K12_School_Locations/EDGE_GEOCODE_PRIVATESCH_2324/MapServer/0/query?where=%28STATE%3D%27FL%27+AND+CNTY+IN+%28%27033%27%2C%27113%27%2C%27091%27%29%29+OR+%28STATE%3D%27AL%27+AND+CNTY%3D%27003%27%29&outFields=*&returnGeometry=false&orderByFields=PPIN&f=json","2026-09-06","https://www.southbaldwinca.org/admissions/","","","",""
"public-nces-120138007669","120138007669","Southside Primary School","FL","Okaloosa","Crestview","650 S PEARL ST","32539","30.754204","-86.563823","public","false","","","","PK-02","false","","","","2024-25","https://nces.ed.gov/ccd/schoolsearch/school_detail.asp?ID=120138007669","","/schools/southside-primary-school","","","https://nces.ed.gov/ccd/schoolsearch/school_detail.asp?ID=120138007669","","","","","","",""
"public-nces-010027000067","010027000067","Spanish Fort Elementary School","AL","Baldwin","Spanish Fort","30900 State Highway 225","36527","30.674955","-87.904953","public","false","","","","PK-06","false","A","A","2024-25","2024-25","https://nces.ed.gov/ccd/schoolsearch/school_detail.asp?ID=010027000067","http://www.spanishfortelementary.com/","/schools/spanish-fort-elementary-school","","","https://nces.ed.gov/ccd/schoolsearch/school_detail.asp?ID=010027000067","","","","","","",""
"public-nces-010027002073","010027002073","Spanish Fort High School","AL","Baldwin","Spanish Fort","One Plaza De Toros","36527","30.688684","-87.85402","public","false","","","","09-12","false","A","A","2024-25","2024-25","https://nces.ed.gov/ccd/schoolsearch/school_detail.asp?ID=010027002073","http://www.spanishforttoros.org/","/schools/spanish-fort-high-school","","","https://nces.ed.gov/ccd/schoolsearch/school_detail.asp?ID=010027002073","","","","","","",""
"public-nces-010027001888","010027001888","Spanish Fort Middle School","AL","Baldwin","Spanish Fort","33899 Jimmy Faulkner Dr","36527","30.71514","-87.853961","public","false","","","","07-08","false","A","A","2024-25","2024-25","https://nces.ed.gov/ccd/schoolsearch/school_detail.asp?ID=010027001888","http://www.spanishfortmiddle.com/","/schools/spanish-fort-middle-school","","","https://nces.ed.gov/ccd/schoolsearch/school_detail.asp?ID=010027001888","","","","","","",""
"private-private-00000634","00000634","St Benedict Catholic School","AL","Baldwin","Elberta","12786 ILLINOIS ST","36530","30.4112","-87.600521","private","false","","true","Roman Catholic","PK-8","","","","","2023-24","https://nces.ed.gov/surveys/pss/privateschoolsearch/school_detail.asp?Search=1&ID=00000634","https://saintbenedict.net/","/schools/st-benedict-catholic-school","https://nces.ed.gov/surveys/pss/privateschoolsearch/school_detail.asp?Search=1&ID=00000634","2023-24","https://nces.ed.gov/surveys/pss/privateschoolsearch/school_detail.asp?Search=1&ID=00000634","https://nces.ed.gov/opengis/rest/services/K12_School_Locations/EDGE_GEOCODE_PRIVATESCH_2324/MapServer/0/query?where=%28STATE%3D%27FL%27+AND+CNTY+IN+%28%27033%27%2C%27113%27%2C%27091%27%29%29+OR+%28STATE%3D%27AL%27+AND+CNTY%3D%27003%27%29&outFields=*&returnGeometry=false&orderByFields=PPIN&f=json","2026-09-06","https://saintbenedict.net/","The school announced a new website, stbenedictschool.com, on August 16, 2026. The new domain returned HTTP 403 during this check, so the readable official website and admissions guidelines are retained as resources.","","",""
"private-private-00258297","00258297","St John The Evangelist Catholic School","FL","Escambia","Pensacola","325 S NAVY BLVD","32507","30.383125","-87.278417","private","false","","true","Roman Catholic","PK-8","","","","","2023-24","https://nces.ed.gov/surveys/pss/privateschoolsearch/school_detail.asp?Search=1&ID=00258297","https://www.stjohnschoolpensacola.com/","/schools/st-john-the-evangelist-catholic-school","https://nces.ed.gov/surveys/pss/privateschoolsearch/school_detail.asp?Search=1&ID=00258297","2023-24","https://nces.ed.gov/surveys/pss/privateschoolsearch/school_detail.asp?Search=1&ID=00258297","https://nces.ed.gov/opengis/rest/services/K12_School_Locations/EDGE_GEOCODE_PRIVATESCH_2324/MapServer/0/query?where=%28STATE%3D%27FL%27+AND+CNTY+IN+%28%27033%27%2C%27113%27%2C%27091%27%29%29+OR+%28STATE%3D%27AL%27+AND+CNTY%3D%27003%27%29&outFields=*&returnGeometry=false&orderByFields=PPIN&f=json","2026-09-06","https://ptdiocese.org/schoolfinder","","","",""
"private-private-00258264","00258264","St Mary Catholic School","FL","Okaloosa","Fort Walton Beach","110 ROBINWOOD DR SW","32548","30.40883","-86.618801","private","false","","true","Roman Catholic","PK-8","","","","","2023-24","https://nces.ed.gov/surveys/pss/privateschoolsearch/school_detail.asp?Search=1&ID=00258264","https://www.saintmaryschool.net/","/schools/st-mary-catholic-school","https://nces.ed.gov/surveys/pss/privateschoolsearch/school_detail.asp?Search=1&ID=00258264","2023-24","https://nces.ed.gov/surveys/pss/privateschoolsearch/school_detail.asp?Search=1&ID=00258264","https://nces.ed.gov/opengis/rest/services/K12_School_Locations/EDGE_GEOCODE_PRIVATESCH_2324/MapServer/0/query?where=%28STATE%3D%27FL%27+AND+CNTY+IN+%28%27033%27%2C%27113%27%2C%27091%27%29%29+OR+%28STATE%3D%27AL%27+AND+CNTY%3D%27003%27%29&outFields=*&returnGeometry=false&orderByFields=PPIN&f=json","2026-09-06","https://www.saintmaryschool.net/admissions/","","","",""
"private-private-01604001","01604001","St Patrick Catholic School","AL","Baldwin","Robertsdale","23070 HWY 59 N","36567","30.562348","-87.715735","private","false","","true","Roman Catholic","PK-8","","","","","2023-24","https://nces.ed.gov/surveys/pss/privateschoolsearch/school_detail.asp?Search=1&ID=01604001","https://school.stpatcatholic.com/","/schools/st-patrick-catholic-school","https://nces.ed.gov/surveys/pss/privateschoolsearch/school_detail.asp?Search=1&ID=01604001","2023-24","https://nces.ed.gov/surveys/pss/privateschoolsearch/school_detail.asp?Search=1&ID=01604001","https://nces.ed.gov/opengis/rest/services/K12_School_Locations/EDGE_GEOCODE_PRIVATESCH_2324/MapServer/0/query?where=%28STATE%3D%27FL%27+AND+CNTY+IN+%28%27033%27%2C%27113%27%2C%27091%27%29%29+OR+%28STATE%3D%27AL%27+AND+CNTY%3D%27003%27%29&outFields=*&returnGeometry=false&orderByFields=PPIN&f=json","2026-09-06","https://school.stpatcatholic.com/admission-policy","","","",""
"private-private-00258231","00258231","St Paul Catholic School","FL","Escambia","Pensacola","3121 HYDE PARK RD","32503","30.438993","-87.179599","private","false","","true","Roman Catholic","PK-8","","","","","2023-24","https://nces.ed.gov/surveys/pss/privateschoolsearch/school_detail.asp?Search=1&ID=00258231","https://stpaulcatholicschool.net/","/schools/st-paul-catholic-school","https://nces.ed.gov/surveys/pss/privateschoolsearch/school_detail.asp?Search=1&ID=00258231","2023-24","https://nces.ed.gov/surveys/pss/privateschoolsearch/school_detail.asp?Search=1&ID=00258231","https://nces.ed.gov/opengis/rest/services/K12_School_Locations/EDGE_GEOCODE_PRIVATESCH_2324/MapServer/0/query?where=%28STATE%3D%27FL%27+AND+CNTY+IN+%28%27033%27%2C%27113%27%2C%27091%27%29%29+OR+%28STATE%3D%27AL%27+AND+CNTY%3D%27003%27%29&outFields=*&returnGeometry=false&orderByFields=PPIN&f=json","2026-09-06","https://stpaulcatholicschool.net/admissions/","","","",""
"private-private-A1701197","A1701197","St Paul Christian School","FL","Okaloosa","Niceville","1407 JOHN SIMS PKWY E","32578","30.512903","-86.456084","private","false","","true","Christian (no specific denomination)","KG-5","","","","","2023-24","https://nces.ed.gov/surveys/pss/privateschoolsearch/school_detail.asp?Search=1&ID=A1701197","https://www.school.stpaulniceville.com/","/schools/st-paul-christian-school","https://nces.ed.gov/surveys/pss/privateschoolsearch/school_detail.asp?Search=1&ID=A1701197","2023-24","https://nces.ed.gov/surveys/pss/privateschoolsearch/school_detail.asp?Search=1&ID=A1701197","https://nces.ed.gov/opengis/rest/services/K12_School_Locations/EDGE_GEOCODE_PRIVATESCH_2324/MapServer/0/query?where=%28STATE%3D%27FL%27+AND+CNTY+IN+%28%27033%27%2C%27113%27%2C%27091%27%29%29+OR+%28STATE%3D%27AL%27+AND+CNTY%3D%27003%27%29&outFields=*&returnGeometry=false&orderByFields=PPIN&f=json","2026-09-06","https://www.school.stpaulniceville.com/admissions","","","",""
"public-nces-010027000068","010027000068","Stapleton School","AL","Baldwin","Stapleton","35480 Harriot Avestap","36578","30.742279","-87.790164","public","false","","","","PK-06","false","A","A","2024-25","2024-25","https://nces.ed.gov/ccd/schoolsearch/school_detail.asp?ID=010027000068","http://www.stapletonelementary.com/","/schools/stapleton-school","","","https://nces.ed.gov/ccd/schoolsearch/school_detail.asp?ID=010027000068","","","","","","",""
"public-nces-010027002544","010027002544","Stonebridge Elementary","AL","Baldwin","Loxley","12750 Bedrock Blvd","36551","30.678458","-87.80498","public","false","","","","PK-06","false","A","A","2024-25","2024-25","https://nces.ed.gov/ccd/schoolsearch/school_detail.asp?ID=010027002544","http://www.bcbe.org/","/schools/stonebridge-elementary","","","https://nces.ed.gov/ccd/schoolsearch/school_detail.asp?ID=010027002544","","","","","","",""
"public-nces-120051002557","120051002557","Success Academy","FL","Escambia","Pensacola","7045 WYMART RD","32526","30.489328","-87.291212","public","false","","","","06-12","false","","","","2024-25","https://nces.ed.gov/ccd/schoolsearch/school_detail.asp?ID=120051002557","http://www.escambiaschools.org/","/schools/success-academy","","","https://nces.ed.gov/ccd/schoolsearch/school_detail.asp?ID=120051002557","","","","","","",""
"public-nces-010027000069","010027000069","Summerdale School","AL","Baldwin","Summerdale","400 E Broadway","36580","30.489358","-87.694881","public","false","","","","PK-08","false","B","B","2024-25","2024-25","https://nces.ed.gov/ccd/schoolsearch/school_detail.asp?ID=010027000069","http://www.summerdaleschool.com/","/schools/summerdale-school","","","https://nces.ed.gov/ccd/schoolsearch/school_detail.asp?ID=010027000069","","","","","","",""
"public-nces-010027000070","010027000070","Swift Elementary School","AL","Baldwin","Bon Secour","6330 Bon Secour Hwy","36511","30.316295","-87.728368","public","false","","","","PK-06","false","B","B","2024-25","2024-25","https://nces.ed.gov/ccd/schoolsearch/school_detail.asp?ID=010027000070","http://www.swiftschool.org/","/schools/swift-elementary-school","","","https://nces.ed.gov/ccd/schoolsearch/school_detail.asp?ID=010027000070","","","","","","",""
"public-nces-120165001822","120165001822","T. R. Jackson Prek Center","FL","Santa Rosa","Milton","4950 SUSAN ST","32570","30.614772","-87.042963","public","false","","","","PK-PK","false","","","","2024-25","https://nces.ed.gov/ccd/schoolsearch/school_detail.asp?ID=120165001822","http://www.santarosa.k12.fl.us/schools/trj/","/schools/t-r-jackson-prek-center","","","https://nces.ed.gov/ccd/schoolsearch/school_detail.asp?ID=120165001822","","","","","","",""
"public-nces-120051008573","120051008573","Tap PK Babies","FL","Escambia","Pensacola","30 E TEXAR DR","32503","30.447045","-87.222532","public","false","","","","PK-PK","false","","","","2024-25","https://nces.ed.gov/ccd/schoolsearch/school_detail.asp?ID=120051008573","http://www.escambiaschools.org/","/schools/tap-pk-babies","","","https://nces.ed.gov/ccd/schoolsearch/school_detail.asp?ID=120051008573","","","","","","",""
"public-nces-120165008644","120165008644","Tapp Child Care","FL","Santa Rosa","Milton","6032 HWY 90, BLD 9040","32570","30.604208","-87.072146","public","false","","","","PK-PK","false","","","","2024-25","https://nces.ed.gov/ccd/schoolsearch/school_detail.asp?ID=120165008644","","/schools/tapp-child-care","","","https://nces.ed.gov/ccd/schoolsearch/school_detail.asp?ID=120165008644","","","","","","",""
"private-private-A1990009","A1990009","The Renaissance School Of The Eastern Shore","AL","Baldwin","Daphne","10526 County Road 64","36526","30.603731117303","-87.843128102298","private","false","","false","Nonsectarian","1-12","","","","","2023-24","https://nces.ed.gov/surveys/pss/privateschoolsearch/school_detail.asp?Search=1&ID=A1990009","https://rs.education/","/schools/the-renaissance-school-of-the-eastern-shore","https://nces.ed.gov/surveys/pss/privateschoolsearch/school_detail.asp?Search=1&ID=A1990009","2023-24","https://rs.education/enrollment/","https://geocoding.geo.census.gov/geocoder/locations/onelineaddress?address=10526+County+Road+64+Daphne+AL+36526&benchmark=Public_AR_Current&format=json","2026-09-06","https://rs.education/enrollment/","Current school-published address, with an approximate Census address point. Confirm the campus entrance with the school.","","",""
"public-nces-120165003504","120165003504","Thomas L Sims Middle School","FL","Santa Rosa","Pace","5500 EDUCATION DR","32571","30.635427","-87.167582","public","false","","","","06-08","false","A","A","2025-26","2024-25","https://nces.ed.gov/ccd/schoolsearch/school_detail.asp?ID=120165003504","http://www.santarosa.k12.fl.us/schools/sms/","/schools/thomas-l-sims-middle-school","","","https://nces.ed.gov/ccd/schoolsearch/school_detail.asp?ID=120165003504","","","","","","",""
"private-private-A0102757","A0102757","Trinitas Christian School","FL","Escambia","Pensacola","3301 E JOHNSON AVE","32514","30.516484","-87.197782","private","false","","true","Christian (no specific denomination)","PK-12","","","","","2023-24","https://nces.ed.gov/surveys/pss/privateschoolsearch/school_detail.asp?Search=1&ID=A0102757","https://www.trinitaschristian.org/","/schools/trinitas-christian-school","https://nces.ed.gov/surveys/pss/privateschoolsearch/school_detail.asp?Search=1&ID=A0102757","2023-24","https://nces.ed.gov/surveys/pss/privateschoolsearch/school_detail.asp?Search=1&ID=A0102757","https://nces.ed.gov/opengis/rest/services/K12_School_Locations/EDGE_GEOCODE_PRIVATESCH_2324/MapServer/0/query?where=%28STATE%3D%27FL%27+AND+CNTY+IN+%28%27033%27%2C%27113%27%2C%27091%27%29%29+OR+%28STATE%3D%27AL%27+AND+CNTY%3D%27003%27%29&outFields=*&returnGeometry=false&orderByFields=PPIN&f=json","2026-09-06","https://www.trinitaschristian.org/about/","","","",""
"private-private-A2300943","A2300943","Umbrella Learning Academy","FL","Escambia","Pensacola","4081 E OLIVE RD STE A","32514","30.510297","-87.183324","private","false","","false","Nonsectarian","KG-12","","","","","2023-24","https://nces.ed.gov/surveys/pss/privateschoolsearch/school_detail.asp?Search=1&ID=A2300943","https://www.umbrellalearningacademy.com/home","/schools/umbrella-learning-academy","https://nces.ed.gov/surveys/pss/privateschoolsearch/school_detail.asp?Search=1&ID=A2300943","2023-24","https://nces.ed.gov/surveys/pss/privateschoolsearch/school_detail.asp?Search=1&ID=A2300943","https://nces.ed.gov/opengis/rest/services/K12_School_Locations/EDGE_GEOCODE_PRIVATESCH_2324/MapServer/0/query?where=%28STATE%3D%27FL%27+AND+CNTY+IN+%28%27033%27%2C%27113%27%2C%27091%27%29%29+OR+%28STATE%3D%27AL%27+AND+CNTY%3D%27003%27%29&outFields=*&returnGeometry=false&orderByFields=PPIN&f=json","2026-09-06","https://www.umbrellalearningacademy.com/admissions","","","",""
"private-private-A2400041","A2400041","Umbrella Learning Academy","FL","Escambia","Pensacola","4081 E OLIVE RD STE A","32514","30.510297","-87.183324","private","false","","","","","","","","","2023-24","https://nces.ed.gov/opengis/rest/services/K12_School_Locations/EDGE_GEOCODE_PRIVATESCH_2324/MapServer/0","https://www.umbrellalearningacademy.com/home","/schools/umbrella-learning-academy","https://nces.ed.gov/surveys/pss/privateschoolsearch/school_detail.asp?Search=1&ID=A2400041","","https://nces.ed.gov/opengis/rest/services/K12_School_Locations/EDGE_GEOCODE_PRIVATESCH_2324/MapServer/0","https://nces.ed.gov/opengis/rest/services/K12_School_Locations/EDGE_GEOCODE_PRIVATESCH_2324/MapServer/0/query?where=%28STATE%3D%27FL%27+AND+CNTY+IN+%28%27033%27%2C%27113%27%2C%27091%27%29%29+OR+%28STATE%3D%27AL%27+AND+CNTY%3D%27003%27%29&outFields=*&returnGeometry=false&orderByFields=PPIN&f=json","2026-09-06","https://www.umbrellalearningacademy.com/admissions","","","",""
"private-private-A2192006","A2192006","Uphc Small Steps Learning Center","AL","Baldwin","Foley","421 2ND AVE","36535","30.391597","-87.690648","private","false","","true","Pentecostal","PK-KG","","","","","2023-24","https://nces.ed.gov/surveys/pss/privateschoolsearch/school_detail.asp?Search=1&ID=A2192006","","/schools/uphc-small-steps-learning-center","https://nces.ed.gov/surveys/pss/privateschoolsearch/school_detail.asp?Search=1&ID=A2192006","2023-24","https://nces.ed.gov/surveys/pss/privateschoolsearch/school_detail.asp?Search=1&ID=A2192006","https://nces.ed.gov/opengis/rest/services/K12_School_Locations/EDGE_GEOCODE_PRIVATESCH_2324/MapServer/0/query?where=%28STATE%3D%27FL%27+AND+CNTY+IN+%28%27033%27%2C%27113%27%2C%27091%27%29%29+OR+%28STATE%3D%27AL%27+AND+CNTY%3D%27003%27%29&outFields=*&returnGeometry=false&orderByFields=PPIN&f=json","2026-09-06","https://nces.ed.gov/surveys/pss/privateschoolsearch/school_detail.asp?Search=1&ID=A2192006","","","",""
"public-nces-010027000056","010027000056","W J Carroll Intermediate School","AL","Baldwin","Daphne","1000 Main St","36526","30.592614","-87.902029","public","false","","","","04-06","false","A","A","2024-25","2024-25","https://nces.ed.gov/ccd/schoolsearch/school_detail.asp?ID=010027000056","http://www.wjcintermediate.com/","/schools/w-j-carroll-intermediate-school","","","https://nces.ed.gov/ccd/schoolsearch/school_detail.asp?ID=010027000056","","","","","","",""
"public-nces-120138001339","120138001339","W. C. Pryor Middle School","FL","Okaloosa","Fort Walton Beach","201 RACETRACK RD NW","32547","30.448542","-86.623195","public","false","","","","06-08","false","B","B","2025-26","2024-25","https://nces.ed.gov/ccd/schoolsearch/school_detail.asp?ID=120138001339","","/schools/w-c-pryor-middle-school","","","https://nces.ed.gov/ccd/schoolsearch/school_detail.asp?ID=120138001339","","","","","","",""
"public-nces-120165002098","120165002098","W. H. Rhodes Elementary School","FL","Santa Rosa","Milton","5563 BYROM ST","32570","30.63695","-87.047911","public","false","","","","PK-05","false","C","C","2025-26","2024-25","https://nces.ed.gov/ccd/schoolsearch/school_detail.asp?ID=120165002098","http://www.santarosa.k12.fl.us/schools/whre/","/schools/w-h-rhodes-elementary-school","","","https://nces.ed.gov/ccd/schoolsearch/school_detail.asp?ID=120165002098","","","","","","",""
"public-nces-120138002682","120138002682","Walker Elementary School","FL","Okaloosa","Crestview","2988 STILLWELL BLVD","32539","30.771977","-86.543539","public","false","","","","PK-05","false","A","A","2025-26","2024-25","https://nces.ed.gov/ccd/schoolsearch/school_detail.asp?ID=120138002682","","/schools/walker-elementary-school","","","https://nces.ed.gov/ccd/schoolsearch/school_detail.asp?ID=120138002682","","","","","","",""
"public-nces-120165009041","120165009041","Wallace Lake K-8","FL","Santa Rosa","Pace","3354 WALLACE LAKE RD","32571","30.686123","-87.181734","public","false","","","","PK-08","false","A","A","2025-26","2024-25","https://nces.ed.gov/ccd/schoolsearch/school_detail.asp?ID=120165009041","","/schools/wallace-lake-k-8","","","https://nces.ed.gov/ccd/schoolsearch/school_detail.asp?ID=120165009041","","","","","","",""
"public-nces-120051000814","120051000814","Warrington Elementary School","FL","Escambia","Pensacola","220 N NAVY BLVD","32507","30.390783","-87.277036","public","false","","","","PK-05","false","C","C","2025-26","2024-25","https://nces.ed.gov/ccd/schoolsearch/school_detail.asp?ID=120051000814","http://www.escambiaschools.org/","/schools/warrington-elementary-school","","","https://nces.ed.gov/ccd/schoolsearch/school_detail.asp?ID=120051000814","","","","","","",""
"public-nces-120051000815","120051000815","Warrington Preparatory Academy","FL","Escambia","Pensacola","450 S OLD CORRY FIELD RD","32507","30.404972","-87.273142","public","true","","","","06-08","false","C","C","2025-26","2024-25","https://nces.ed.gov/ccd/schoolsearch/school_detail.asp?ID=120051000815","http://www.escambiaschools.org/","/schools/warrington-preparatory-academy","","","https://nces.ed.gov/ccd/schoolsearch/school_detail.asp?ID=120051000815","","2026-09-06","https://www.warringtonprep.org/","Warrington Prep currently publishes enrollment for grades 6 through 9. The directory span of 6 through 8 reflects its 2024-25 NCES record. Confirm current grade availability with the school. School information checked September 6, 2026.","","",""
"public-nces-120051002169","120051002169","Washington Senior High School","FL","Escambia","Pensacola","6000 COLLEGE PKWY","32504","30.484188","-87.211781","public","false","","","","09-12","false","C","C","2025-26","2024-25","https://nces.ed.gov/ccd/schoolsearch/school_detail.asp?ID=120051002169","http://www.escambiaschools.org/","/schools/washington-senior-high-school","","","https://nces.ed.gov/ccd/schoolsearch/school_detail.asp?ID=120051002169","","","","","","",""
"private-private-02020863","02020863","West Florida Baptist Academy","FL","Santa Rosa","Milton","5621 HWY 90","32583","30.60107","-87.089731","private","false","","true","Baptist","PK-12","","","","","2023-24","https://nces.ed.gov/surveys/pss/privateschoolsearch/school_detail.asp?Search=1&ID=02020863","https://www.wfbacademy.org/","/schools/west-florida-baptist-academy","https://nces.ed.gov/surveys/pss/privateschoolsearch/school_detail.asp?Search=1&ID=02020863","2023-24","https://nces.ed.gov/surveys/pss/privateschoolsearch/school_detail.asp?Search=1&ID=02020863","https://nces.ed.gov/opengis/rest/services/K12_School_Locations/EDGE_GEOCODE_PRIVATESCH_2324/MapServer/0/query?where=%28STATE%3D%27FL%27+AND+CNTY+IN+%28%27033%27%2C%27113%27%2C%27091%27%29%29+OR+%28STATE%3D%27AL%27+AND+CNTY%3D%27003%27%29&outFields=*&returnGeometry=false&orderByFields=PPIN&f=json","2026-09-06","https://www.wfbacademy.org/admissions","","","",""
"public-nces-120051003703","120051003703","West Florida High School/Technical","FL","Escambia","Pensacola","150 E BURGESS RD","32503","30.497612","-87.248358","public","false","true","","","09-12","false","A","A","2025-26","2024-25","https://nces.ed.gov/ccd/schoolsearch/school_detail.asp?ID=120051003703","http://www.escambiaschools.org/","/schools/west-florida-high-school-technical","","","https://nces.ed.gov/ccd/schoolsearch/school_detail.asp?ID=120051003703","","","","","","https://web09.fldoe.org/MagnetSchools/",""
"public-nces-120165003665","120165003665","West Navarre Intermediate School","FL","Santa Rosa","Navarre","1970 COTTON BAY LN","32566","30.406983","-86.932528","public","false","","","","03-05","false","A","A","2025-26","2024-25","https://nces.ed.gov/ccd/schoolsearch/school_detail.asp?ID=120165003665","http://www.santarosa.k12.fl.us/schools/wni/","/schools/west-navarre-intermediate-school","","","https://nces.ed.gov/ccd/schoolsearch/school_detail.asp?ID=120165003665","","","","","","",""
"public-nces-120165002960","120165002960","West Navarre Primary School","FL","Santa Rosa","Navarre","1955 LOWE RD","32566","30.405365","-86.919183","public","false","","","","PK-02","false","","","","2024-25","https://nces.ed.gov/ccd/schoolsearch/school_detail.asp?ID=120165002960","http://www.santarosa.k12.fl.us/schools/wnp/","/schools/west-navarre-primary-school","","","https://nces.ed.gov/ccd/schoolsearch/school_detail.asp?ID=120165002960","","","","","","",""
"public-nces-120051000817","120051000817","West Pensacola Elementary School","FL","Escambia","Pensacola","801 N 49TH AVE","32506","30.421183","-87.282839","public","false","","","","PK-06","false","C","C","2025-26","2024-25","https://nces.ed.gov/ccd/schoolsearch/school_detail.asp?ID=120051000817","http://www.escambiaschools.org/","/schools/west-pensacola-elementary-school","","","https://nces.ed.gov/ccd/schoolsearch/school_detail.asp?ID=120051000817","","","","","","",""
"public-nces-120165004446","120165004446","Woodlawn Beach Middle School","FL","Santa Rosa","Gulf Breeze","1500 WOODLAWN WAY","32563","30.391906","-87.009199","public","false","","","","06-08","false","A","A","2025-26","2024-25","https://nces.ed.gov/ccd/schoolsearch/school_detail.asp?ID=120165004446","http://www.santarosa.k12.fl.us/schools/wbm/","/schools/woodlawn-beach-middle-school","","","https://nces.ed.gov/ccd/schoolsearch/school_detail.asp?ID=120165004446","","","","","","",""
"public-nces-120138001340","120138001340","Wright Elementary School","FL","Okaloosa","Fort Walton Beach","305 LANG RD","32547","30.437099","-86.632011","public","false","","","","PK-05","false","B","B","2025-26","2024-25","https://nces.ed.gov/ccd/schoolsearch/school_detail.asp?ID=120138001340","","/schools/wright-elementary-school","","","https://nces.ed.gov/ccd/schoolsearch/school_detail.asp?ID=120138001340","","","","","","",""
